resample,garch_rho,bootstrap_rho,gan_rho
0,0.47959646246939064,0.30226863376034646,0.3087810899965596
1,0.5223078946835853,0.32305668548762473,0.153164147086799
2,0.5053751037176452,0.3276324044279845,0.3281788193390403
3,0.6099285613097768,0.3912755752534758,0.09290267743306417
4,0.557590107866351,0.44591301884119566,0.18612713253597232
5,0.5328779875741202,0.2819986643191063,0.3063991257361423
6,0.6214801772812822,0.3293525995183454,0.1249246149798636
7,0.6549268411146865,0.419258089976322,0.25029850444215085
8,0.3967923420962095,0.1437010503308846,0.21583388986703902
9,0.4656426446481695,0.2584340153400927,0.23954424948900088
10,0.4113654301499605,0.2147552263574363,0.03571125007589096
11,0.4312954080909882,0.2642077995669156,0.057760103616457205
12,0.5075486208082893,0.29588165057778315,0.19255459089713234
13,0.5208730496023314,0.3350818610487119,0.19014429401169733
14,0.5518527513002651,0.3308582761621436,0.22569161961427156
15,0.5117438730698399,0.2976362495699512,0.10584866330722684
16,0.5072430332098841,0.2503167182725194,0.2870297290186793
17,0.442966425839354,0.25741606459838506,0.25327747758686986
18,0.5552000485702143,0.35824175824175825,0.1353287596381519
19,0.6026733855463138,0.37247283103636697,0.1806488171129055
20,0.5575395138931051,0.27595572015461517,0.1921903142897618
21,0.5157590107866351,0.2907392791370692,0.0007852184647764758
22,0.4915487827090037,0.3783842308704187,0.28226984801570437
23,0.6237225021755408,0.2762349988869326,0.28053346285390485
24,0.515957339161759,0.22416975289903468,0.1619270232529901
25,0.41077246878351853,0.2382895189525024,0.19138485823568696
26,0.5819683079351587,0.26103454556493233,0.15101896262117256
27,0.5531439094975007,0.3357517252544877,0.1264748143201182
28,0.5528524882116043,0.2937688462550341,0.24146884423127518
29,0.5317082549126748,0.36567704854997674,0.18321291967700806
30,0.47490741302896,0.2471596543419748,0.24829700686054276
31,0.4280917977050574,0.16904863092708397,0.22887903992876368
32,0.5020885192155911,0.30021249468763284,0.2270273005079635
33,0.4766093942889523,0.2285957136785866,0.1459494465019327
34,0.5024912472426285,0.27871410357598203,0.18661081092020318
35,0.6098820148543905,0.3931333859510655,0.23488960395037742
36,0.44669621354704225,0.2798008621213041,0.40169995750106247
37,0.5692935057575942,0.4029607593143505,0.1487442575840366
38,0.559530892680064,0.3995142978568393,0.0294153360451703
39,0.43710966749640784,0.30715398781697123,0.15916863983162327
40,0.48839981381417846,0.34230870418715725,0.07158035334830914
41,0.48331208386457003,0.3186934612348977,0.18130249124724263
42,0.49182603768239125,0.274462186064396,0.19462692004128468
43,0.6421893024102969,0.36899196567704856,0.205055349806731
44,0.5242345131847894,0.3570740493392427,0.24272964604456318
45,0.5874122194564183,0.3888288507073037,0.07777912695039767
46,0.49688543500698196,0.23502317203974663,0.27725902090542975
47,0.45383603505150466,0.21197862910570092,0.2656709772731872
48,0.4217290996296521,0.20299718697508753,0.20726934207597192
49,0.5142836905267845,0.364944447817376,0.19908728472264384
50,0.4255560277659725,0.28942788335053526,0.2443203205634145
51,0.4958047477384494,0.3520186995325117,0.29135652561066927
52,0.3570497642320847,0.157960455750511,0.0955538016311497
53,0.5797361018355494,0.3669135652561067,0.25194786796996743
54,0.43719264161253113,0.20323396676987837,0.14732965009208104
55,0.5394127051585615,0.2864934329022727,0.0711756015623419
56,0.5385202274705038,0.3403861332038128,0.17167344625908162
57,0.5288345172323072,0.38327767996276285,0.24606884827879302
58,0.5558780078117095,0.3190941655030053,0.26114382854714346
59,0.48672211766134416,0.2441260397061502,0.1563029971869751
60,0.5663266751664542,0.3651953939246757,0.06779390039058547
61,0.4847570477404732,0.25033695586181776,0.17225021755408496
62,0.6208305506648049,0.23334142836905267,0.17658915669965394
63,0.4829619735697084,0.2658612106125918,0.09411086151417643
64,0.4878655414567017,0.23603302774573492,0.27542954283285775
65,0.40465464553862346,0.043887236152429523,0.1297391374739441
66,0.44114909032036104,0.20095521421488272,0.021249468763280918
67,0.5991621638030478,0.3784004209418574,0.29800052617732176
68,0.47095501183898975,0.27456539776981764,0.21871774634205574
69,0.5543176896768057,0.26063991257361424,0.14982899237042882
70,0.41966688928014895,0.19730435310545807,0.21214660109687733
71,0.520308420860907,0.35374698965859186,0.1186428672616518
72,0.5196304616194118,0.22439034262238683,0.19685103110517474
73,0.422817881933904,0.2726772306882804,0.11856798818124785
74,0.4549976726772307,0.2697589703114565,0.10693542185254892
75,0.46531479570153605,0.24481007022443488,0.1407342197397446
76,0.5031995628680711,0.2963228300244875,0.19681460344443769
77,0.5469734685204298,0.25824985327747757,0.011254123408819542
78,0.6250500880335135,0.3731912654564588,0.2817477182118066
79,0.5018375731082914,0.32235039362111184,0.06302390059296137
80,0.4329245340295064,0.15414769392669944,0.1617873838868314
81,0.47908445146014206,0.24547386315342115,0.05323497864934329
82,0.48158176997956004,0.28989334790439764,0.3861757027502884
83,0.4344464007447433,0.1563596624370105,0.09049035678869934
84,0.5892538400825693,0.41494545969684093,0.25642847024062493
85,0.5474227430028535,0.3322546698237306,0.24045898852528685
86,0.42223706312104103,0.2525044016756724,0.12703134802582317
87,0.4529961750956226,0.29890919393681825,0.16878958978406491
88,0.5811183291846276,0.4103879545868496,0.06830591139983405
89,0.48757412017080526,0.24022828000728552,0.21560925262582722
90,0.5254730536498492,0.34048732115030456,0.2369518142998806
91,0.5160403132778824,0.25919494869771115,0.2476069050654686
92,0.48001942808572645,0.2577540323396677,0.07170177888409933
93,0.46828769756946553,0.29289053487948513,0.09994940602675409
94,0.5321332442879404,0.3002509461072997,0.2515350211482808
95,0.5094044077469492,0.3789792159957906,0.31556270617044097
96,0.5313540970999534,0.2658328779875741,0.21360573128528929
97,0.5968206747212272,0.3932871916297331,0.22906522575030863
98,0.6950154817558133,0.4934834962459272,0.1624066541193613
99,0.5294396211523283,0.3010199745006375,0.2747313460020642
100,0.5425191751158602,0.35821544937567035,0.24214882723170017
101,0.4864165300629389,0.298739198186712,0.34080909882014854
102,0.5535081861048712,0.3380547629166414,0.15402829214983912
103,0.5739117236354805,0.3004958209378099,0.22293525995183452
104,0.5028696901625078,0.22587780543581648,0.14640479226114586
105,0.5435856960718839,0.4017728128225366,0.23480865359318398
106,0.5087345435411734,0.35191548782709003,0.1701880072045818
107,0.45823163944710904,0.23725942565721572,-0.033847368101511746
108,0.44300285350009105,0.24222573007103393,0.17106631858013074
109,0.49745815878412564,0.262200230708518,0.09554975411329003
110,0.46875316212332785,0.2835630299718698,0.2458037358589845
111,0.39378706008540265,0.11290146317770627,0.19712019104284298
112,0.5171776657964503,0.3103677169975512,0.15733916175905127
113,0.5778479347540121,0.31641066116204236,0.26754902556007526
114,0.4925626859328517,0.17125857567846517,0.14187561977617227
115,0.48436848602594457,0.28602189707162085,0.11781717361827859
116,0.4559022929188675,0.2205290105842592,0.1456499301803169
117,0.5362698075405258,0.2962519984619432,0.22215408900491773
118,0.47937992026389814,0.2716572561876429,0.1521198874790035
119,0.5252484164086374,0.31469046607168155,0.21858013073482688
120,0.5355938720579605,0.3605832473235788,0.17833970817396233
121,0.45326128751543115,0.21990569283386963,0.12141339323659765
122,0.5862202254467448,0.37084370509784875,0.17909254649586143
123,0.5692024366057515,0.37697974217311236,0.2113249549713638
124,0.46049420193066604,0.3239997571489284,0.2701495557849149
125,0.47743711169125536,0.15399591200696172,0.2678202092566733
126,0.4676239046404792,0.19944549005322487,0.24898103737882743
127,0.4824823427033372,0.23797583631837776,0.1232125149252221
128,0.5126707546597049,0.18378159593629206,0.17969360289802278
129,0.4846032420618056,0.21001760670268957,0.21574079695626658
130,0.5774735393519924,0.36968206747212273,0.11051949891728897
131,0.4011454475542873,0.22025175561087162,0.1765770141460749
132,0.41898488252079413,0.2779572177362233,0.3355736344686621
133,0.5938842005140348,0.437119786291057,0.260716815412948
134,0.46372614494161457,0.20863335559468157,0.161866310485095
135,0.5321797907433267,0.36815008196223664,0.20492785299415134
136,0.5477647582619958,0.4048873778155546,0.18029263554125433
137,0.5401453058911623,0.2694331451237529,0.21715540444822212
138,0.5731487665189323,0.31034545564932303,0.21172161172161172
139,0.4678505656406209,0.300791289741566,0.14945662072733895
140,0.5518770364074231,0.38721793859915404,0.3257179284803594
141,0.5549551737397042,0.3418695484993828,0.14739036285997612
142,0.5136806103656932,0.2270232529901038,0.24512780037641915
143,0.5072410094509542,0.27028514763321393,0.06810960678363993
144,0.5421913261692267,0.33569910752231197,0.18045048873778155
145,0.4282719122498128,0.17454111266265962,0.2844413413474187
146,0.4070285147633214,0.197132333596422,0.26433327262056544
147,0.3820755671584401,0.1431445166251796,0.14079290874870987
148,0.5344403294679537,0.36289235626252203,0.10197923623337989
149,0.5078198045048874,0.24672049865420032,0.18069333980936192
150,0.5399490012749681,0.3019974500637484,0.07097322566935826
151,0.4850282314370712,0.34604861068949466,0.15007386720093902
152,0.48220508772994963,0.2970857871410358,0.4064740048165463
153,0.5472891749134843,0.2525428530953393,0.1791977819602129
154,0.556551919535345,0.3511808633355595,0.15476898791815918
155,0.46406613644182704,0.1850606115799486,0.1604496792342096
156,0.47986359864812905,0.31884119563677576,0.17534454495780463
157,0.500408799303827,0.2720033189646449,0.26201809240483276
158,0.4659381134519256,0.1415497945884686,0.2084066945945399
159,0.49849634711513163,0.29678424706049017,0.1963450913727157
160,0.4698581344990185,0.22661647744520672,0.16085240726124703
161,0.5508793232550139,0.4258535203286585,0.13920830550664806
162,0.3888774209216198,0.2123348106773521,0.07658510918179426
163,0.4692975532754538,0.21974986339627223,0.13453949365551576
164,0.4858539250804444,0.20934571873798394,0.18029465930018415
165,0.4006131989557404,0.24361605245583146,0.19361504057636655
166,0.48880658935907556,0.31919332969056724,0.21693481472486997
167,0.5006880780361443,0.3404104183109708,0.2625564122801692
168,0.4196871268694473,0.19670532046222655,0.28597130309837493
169,0.48731103150992655,0.23030983749215794,0.13357820816384353
170,0.44908829660210875,0.312954080909882,-0.02381559508631332
171,0.49952846416934815,0.28259162568554835,0.2338959383158278
172,0.5035132455021958,0.31014915103312896,0.21590674518851313
173,0.6250642543460223,0.4014672252241313,0.177194260619675
174,0.536897172808775,0.28302268633760347,0.3125695667132131
175,0.5741444559124117,0.2994920365086111,0.2486430696375448
176,0.4835144597575537,0.19607390767611763,0.15934673061744886
177,0.4583328273936009,0.21194624896282355,0.227033371784753
178,0.33880152996175095,0.17535466375245382,0.20176067026895755
179,0.4961872381761884,0.32266407625523646,0.2159816242689171
180,0.4099771315240929,0.285451197053407,0.09265780260255399
181,0.5949102462914617,0.4365409912371238,0.1612409689757756
182,0.5558516989456216,0.26522170279076357,0.1703782405439864
183,0.5294740250541355,0.368627689069678,0.18672616517920385
184,0.600679983000425,0.3980207637666201,0.10718029668305912
185,0.4818084309797017,0.26231356120858884,0.25095824985327747
186,0.4677190213101815,0.17315483779572177,0.34411187339364135
187,0.4822577054621254,0.25199643818428347,0.3287576143929735
188,0.4634650800396657,0.2312508853945318,0.22096614251310384
189,0.5045332200028333,0.35193977293424805,0.10873049602331371
190,0.4973832797037217,0.2725922328132273,0.03911521259587558
191,0.33549875538825813,0.1315969481715338,0.14302309108938943
192,0.4457470706089491,0.23459818266448101,0.19447311436261713
193,0.5210450691113675,0.3048064274583612,0.126007326007326
194,0.49089915609252627,0.3366907493979317,0.18170319551535022
195,0.5529455811223767,0.361730718636796,0.20684435270070628
196,0.4806103656932386,0.2683909092748872,0.09151842632505616
197,0.5925242345131848,0.4026369578855767,0.16700463440794933
198,0.5458806386983183,0.2824155586586526,0.19331350049582094
199,0.45594276809746426,0.2316859935644466,0.16347317507538503
200,0.47253556756319187,0.22077186165583956,0.13187217938599155
201,0.5635075789771923,0.33082791977819603,0.24402485175965838
202,0.5784955376115597,0.3359621961831907,0.20713779774553256
203,0.44996458421872787,0.20476797603869426,0.026663023900592962
204,0.535191144030923,0.33523769048630925,0.3139902454819582
205,0.5063991257361423,0.33087648999251207,0.17386315342116448
206,0.40600449274482425,0.18880254184121587,0.33777346042539413
207,0.4223888450407787,0.182138303685265,0.2280938214639872
208,0.4881751765729666,0.37108453241049927,0.2253475805961994
209,0.35978588630522335,0.10418715722583126,0.14455912411713517
210,0.49426871471070366,0.2791067128083703,0.2595693440997308
211,0.5253455568372696,0.2569060773480663,0.10590937607512194
212,0.3308663711978629,0.19161759051261815,0.12609839515916865
213,0.5819318802744217,0.306514479995143,0.20120616032218241
214,0.5675571205957947,0.37089429907109467,0.3005889138485824
215,0.6047983324226418,0.3626980754052577,0.1133102624815332
216,0.5749822921093639,0.37621071377977455,0.23357213688705403
217,0.4218019549511262,0.25461113472163194,0.21172970675733108
218,0.5524011899702508,0.3992249003298727,0.19253840082569365
219,0.5246453362475462,0.3159532916438994,0.18337482039139497
220,0.5576892720539129,0.33271608685973325,0.1304353105458078
221,0.4577823649646854,0.2642462509865825,0.11423714407139822
222,0.5374152550948131,0.3775423471556068,-0.030030558759840526
223,0.4985064659097808,0.24773844939590797,0.07143869022322061
224,0.5514621658268067,0.43375832270859893,0.143522959545059
225,0.5627952158338899,0.2950053629611641,0.24664966709165603
226,0.4715479732054318,0.29498714913079555,0.250840871835347
227,0.4368182462105114,0.21240361848096656,0.194511565782284
228,0.556440612794204,0.34837795721773623,0.30751219314755224
229,0.4993301357942242,0.3497925647096918,0.15026612429927347
230,0.5181146661809646,0.26760771456904053,0.3334142836905268
231,0.4758059619938073,0.3192277335923745,0.09803493007912897
232,0.42147208224556293,0.2657600226661,0.225760427417886
233,0.3080950357193451,0.06501123186206059,0.2291643899378706
234,0.4498047072632708,0.2879525630906846,0.2733410236172667
235,0.4281929856515492,0.17722056948576287,0.16060348491287718
236,0.37927873231740633,0.17239390443810335,0.24451460142067877
237,0.5011312812417785,0.26952219051666565,0.18991156173476614
238,0.6430878513751442,0.42671766539169853,0.0714326189464311
239,0.480272397951956,0.3667698783720883,0.3557120595794629
240,0.500679983000425,0.3920081759860765,0.16675368830064963
241,0.3473559589581689,0.15806771497379232,0.09833039888288507
242,0.5343715216643393,0.35216643393438973,0.27402910165341104
243,0.4847813328476312,0.2674397425778641,0.10764576123692146
244,0.560656102645053,0.35918482990306194,0.3344099730840062
245,0.5790055248618785,0.4738085119300589,0.30419727602048047
246,0.5521522676218809,0.2561127638475705,0.17471110841276588
247,0.5497864934329023,0.2948738186307247,0.1841236111954344
248,0.5155262785097039,0.3092809584522292,0.17745532552162385
249,0.45728856778580534,0.26302187683403155,0.1916661607269342
250,0.45485600955214217,0.2918361564770405,0.23402141136947766
251,0.4988120535081861,0.28604011090198933,0.2606095561896667
252,0.4465403841094449,0.35833687491146055,0.20028130249124723
253,0.5207920992451379,0.22527472527472528,-0.03817618845243154
254,0.499653937222998,0.29636128144415436,0.18764495173334952
255,0.467700807479813,0.25927387529597473,0.21450023273227692
256,0.5193552304049541,0.3976160119806529,0.13810940440774694
257,0.6544917329447716,0.41041628721186735,0.23085018112642422
258,0.4341246230748993,0.0632040151377168,0.20076295711654826
259,0.5484083136016837,0.4002327322769312,0.2002124946876328
260,0.4970432882035092,0.3657944265679072,0.29729625806973875
261,0.4934005221298039,0.32248396171048105,0.22882237467872826
262,0.46240463036043145,0.30305992350191246,0.2533908080869407
263,0.4347641308967276,0.19751887155202072,0.12086090704875235
264,0.4828688806589359,0.28209985226559814,0.16648655212191124
265,0.5702689575617752,0.40723291441523485,0.22775585372270454
266,0.6189605974136361,0.3487948515572825,0.21811061866310485
267,0.4940461012284217,0.2762734503065995,0.24380628579523608
268,0.5503268370671686,0.36750855038147856,0.18201687814947484
269,0.48454657681177016,0.32990913322405035,0.08528929633902009
270,0.5168052941533604,0.27097120191042845,0.2525327343006901
271,0.53399307874446,0.20535284236941695,0.09167425576265355
272,0.5343492603161112,0.2725861615364378,0.34589278125189726
273,0.42430332098840384,0.199777386517718,0.3239876145953494
274,0.5218221925404246,0.2696759961953332,0.13415295569991703
275,0.4942707384696335,0.37804019185234655,0.05512719324874021
276,0.44147491550806467,0.14106813996316758,0.0663448889968227
277,0.4275980005261773,0.2585918685366199,0.2822718717746342
278,0.48247020014975817,0.2795155121121972,0.1924959018881671
279,0.6404043470341813,0.46950600044522695,0.177898528727258
280,0.5825896019266185,0.2351506688523263,0.049068059012810396
281,0.6148665330985773,0.27767793900390586,0.22608827636451945
282,0.48166474409568333,0.2586869852063222,0.2559589581689029
283,0.5760366705118086,0.34040839455204097,0.14801368061036568
284,0.45171918321089594,0.17211462570578592,0.23520126282557222
285,0.5395199643818428,0.21734766154655658,0.11216279116831603
286,0.5246008135510898,0.30091271527735614,0.2525064254346022
287,0.34440127092060796,0.15251249671139175,0.19078784935138526
288,0.47695343330702444,0.37433468925181634,0.2702730050796349
289,0.5068868516382329,0.29599093355999434,0.1275980005261773
290,0.5298544917329447,0.31426142917855626,0.32744419484750975
291,0.4670592758990549,0.29245137919171066,0.4277801388298626
292,0.5489648473073887,0.3309675591443547,0.18898468014490113
293,0.42337036812174933,0.19421812073745776,0.2294598587416267
294,0.4866735474470281,0.2430109485358104,0.24547993443021068
295,0.46739521988140775,0.12611660898953717,0.14738631534211644
296,0.4570072652945581,0.15901685791188552,0.2483030781373323
297,0.5539776981765933,0.3113735251856799,0.21524295225952683
298,0.40282314370712163,0.1900937000384514,0.16848602594458947
299,0.44231072794608706,0.20331491712707184,0.3343411652803918
300,0.5437536680630604,0.29105296177119383,0.1006476028575476
301,0.6148847469289458,0.4455568372695444,0.15384008256936435
302,0.5434581992593043,0.3689555380163115,0.12456236213142291
303,0.4432841559913383,0.24076659988262197,0.2422176350353146
304,0.47526157084168136,0.24471495355473255,0.2485216441017546
305,0.6351162649505191,0.45982231396596035,0.13111326978730295
306,0.5248254507923016,0.28698925384008256,0.14309594641086354
307,0.5217169570760731,0.31173982555198027,0.12362738550583854
308,0.47868981846882397,0.23668467812114222,0.12037115738773198
309,0.3735697083763382,0.16147977252949627,0.35874567421528747
310,0.4418999048833303,0.17538502013640137,0.1517171594519661
311,0.47400684030518286,0.17903992876368566,0.10591139983405176
312,0.5402991115698298,0.38042822738955334,0.09486369983607552
313,0.5114079290874871,0.36990063343654506,0.08046060753243074
314,0.509382146398721,0.35145407079108737,0.20624734381640458
315,0.5708113249549713,0.36043956043956044,0.07890231315645681
316,0.39758767935563516,0.11516402566126323,0.0928763685669763
317,0.4439135450185174,0.21705624026066014,0.25060004452269646
318,0.39406633881772,0.21436868840183756,0.22688766114180478
319,0.5528686782830429,0.3997490538927003,0.1848218080262279
320,0.4915973529233198,0.30976463683646005,0.152929391050938
321,0.4355958958168903,0.10236982170683828,0.20188816708153726
322,0.512150648614737,0.29814421306134015,0.2718474895270475
323,0.5290652257503087,0.25912209337623704,0.10590937607512194
324,0.491989962155708,0.34579766458219496,0.06358448181652601
325,0.5091534616396495,0.3950094104790237,0.08949669115414972
326,0.5246210511403882,0.3588711472689373,0.31090806063181753
327,0.5086819258089976,0.32310727946087064,0.22594458948050108
328,0.6277902576245118,0.45522433367737236,0.13899783457794507
329,0.6589217412421833,0.3779632890130128,0.12757776293687895
330,0.5396009147390363,0.32261348228199055,0.30059296136644204
331,0.46904053589136463,0.25955922530508163,0.2170764778499585
332,0.5538603201586627,0.37766579645032683,0.13461234897698987
333,0.591508307530407,0.3697104000971404,0.1806650071843442
334,0.533165361342157,0.25199643818428347,0.07829720923643575
335,0.4724910448667355,0.18373504948090583,0.19382551150506952
336,0.46612429927347054,0.30532855726225894,0.3280108473478639
337,0.4668366624167729,0.31089996559609817,0.14715155930625543
338,0.5945419221662316,0.3793252787727926,0.2514884746928946
339,0.44634003197539107,0.2568210794730132,0.17809483334345214
340,0.5718920122235039,0.35187096513063365,0.22290692732681683
341,0.4262461295610467,0.23759132212170886,0.2880800599032643
342,0.5177402707789448,0.3184384676097383,0.2464574099933216
343,0.5176431303503126,0.32638981644506504,0.2125452816060551
344,0.6310606520551272,0.421978021978022,0.0634549612450165
345,0.4444801975188716,0.22004128468216866,0.13860522534555683
346,0.5441624673668872,0.2674154574707061,0.22183231133507378
347,0.5090947726306843,0.2704854997672677,0.2886912351000749
348,0.5148523667860685,0.2616639345921114,0.1634994839414729
349,0.5214781535223524,0.3289964179466942,0.03470341812883249
350,0.5258595916054479,0.27515431161840004,0.17865946208487646
351,0.5048165462530103,0.28925991135935886,0.08026227915730678
352,0.581484629550928,0.38270293242668935,0.08774209216198166
353,0.5239107117560157,0.35111812680873455,0.2401210207840042
354,0.5093538137737033,0.21476736891101533,0.16317365875376924
355,0.5686499504179062,0.3411288527310627,0.20036022908951084
356,0.6257907838018335,0.44692894582397347,0.08349219840932548
357,0.6106085443102017,0.4041183494222168,0.3486855685750713
358,0.5556331329811993,0.4491510331289337,0.15888733734037602
359,0.5009289053487949,0.264141015522231,0.05734320927691094
360,0.4944144253536519,0.35361544532815253,0.2965110396049623
361,0.5037358589844778,0.23457187379839314,0.22346953230931133
362,0.5029971869750876,0.18837755246595025,0.12213992269240888
363,0.42514520470321576,0.23457187379839314,0.2977070811324955
364,0.5378746483718859,0.2526986825329367,0.19018476919029406
365,0.4328962014044887,0.2798777649606379,0.162657600226661
366,0.5183818023597029,0.3066399530487928,0.08336470159674579
367,0.48171129055106954,0.2242547507740878,0.10133972841155162
368,0.5047072632707992,0.3097585655596705,0.24691680327039442
369,0.4209013822273491,0.24537065144799952,0.22729241292777205
370,0.5310950559569344,0.27348066298342544,0.0739096998765507
371,0.4373808511930059,0.18710663185801307,0.13521542913808107
372,0.5471029890919393,0.3758848885920709,0.11818347398457896
373,0.4091494141217898,0.18050513022888715,0.20089045392912797
374,0.46219213567279865,0.15440875882864832,0.2585675834294619
375,0.4936130168174367,0.2569627425981017,0.2723149778398397
376,0.5613765608240746,0.36362090947726305,0.03474996458421873
377,0.43189646449314956,0.3215004148705806,0.3240908263007711
378,0.5603282536984194,0.3736425636978123,0.23806488171129056
379,0.4704005018922146,0.2087183534697347,0.21016331734563778
380,0.4989840730172222,0.27010705684738834,0.03373403760144092
381,0.6259364944447817,0.43346285390484285,0.1275676441422298
382,0.6671726063991258,0.4313055268856374,0.32432355857770223
383,0.5380992856130977,0.29638556655131243,0.15844413413474187
384,0.5559609819278327,0.43703681217493373,0.3219395705583551
385,0.502918260376824,0.32495699512274095,0.19343087851375143
386,0.5276850221601603,0.3351830489952037,0.20422560864549816
387,0.368826017444802,0.22541234088195414,0.21535021148280817
388,0.4217736223261085,0.14989780017404328,0.07936980146924898
389,0.4857304757857244,0.3308218485014065,0.1614312023151802
390,0.4741869548499383,0.2627466456195738,0.07016979337421327
391,0.5506384959423634,0.3508307530406978,0.19392872321049118
392,0.46192499949406024,0.19304838807601238,0.14740857669034466
393,0.4560014571064295,0.28752757371541904,0.09609009774755631
394,0.5557505109991298,0.3299981786169631,0.056266569526238035
395,0.6005747475360735,0.3566106085443102,0.09489810373788274
396,0.521111853156052,0.28356910124865925,0.24215085099063
397,0.5128832493473378,0.2685730475785724,0.1201161637625726
398,0.4947119179163378,0.25068908991560923,0.1137676319996762
399,0.515625442697266,0.31602817072430334,0.11881286301175804
400,0.5987128893206242,0.3378503632647279,0.12475664298868719
401,0.4099184425151276,0.16666059538987715,0.2583125898043025
402,0.5373444235322689,0.34127861089187056,0.11891607471717969
403,0.4983607552668326,0.28981239754720417,0.16772509258697105
404,0.6099083237204784,0.4298362779025762,0.17692712444093658
405,0.6170886204035375,0.2934389735494708,0.17381863072470807
406,0.5587740068403052,0.4453929127962277,0.16964968732924535
407,0.4771416428874992,0.3261752979985024,0.2256045979802886
408,0.34705037135976363,0.13436747414647968,0.30098961811668995
409,0.41613947746544433,0.16207880517272782,0.13700038451419666
410,0.5796025337461802,0.29977941027664784,0.18122963592576852
411,0.5190799991904964,0.25757998907170176,0.19962762835691011
412,0.5899459656365734,0.43728978204116326,0.20182543055471233
413,0.5389877157832959,0.2229453787464837,0.17637666201202112
414,0.5737680367514622,0.3101370084795499,0.10739481512962176
415,0.5537793698014692,0.3810555926578026,0.13208265031469452
416,0.5190516665654787,0.2787100560581224,0.22038734745917066
417,0.626897779936454,0.42840345658025214,0.2510715803533483
418,0.49136259688745876,0.29381944022828,0.13220812336834437
419,0.573460425394127,0.3322830024487483,0.03796976504158825
420,0.5401392346143727,0.29705543075708823,0.23105862829619736
421,0.47637261449416146,0.2615647704045494,0.3275575253475806
422,0.42733086434743894,0.14733572136887055,0.15290510594377998
423,0.3667476170238601,0.19446501932689778,0.20109080606318175
424,0.5335701131281242,0.3887317102786716,0.11326776354400664
425,0.36031003986805094,0.103436342662862,0.2849614473923866
426,0.4562868071155364,0.16532086697832554,0.24782749478882077
427,0.5181227612166839,0.3257907838018335,0.3178171736182786
428,0.4780159067451885,0.26122477890433693,0.24947078703984782
429,0.5219415943172849,0.3123267156416328,0.1983769453382713
430,0.4741262420820432,0.23621314229049037,0.18401635197215307
431,0.5170036225284844,0.2308097059478275,0.14218323113350737
432,0.5336814198692652,0.3312185052516544,0.1959383158278186
433,0.5545423269180175,0.3069354218525489,0.20806265557646772
434,0.5170785016088884,0.34695727844899116,0.1003177301519843
435,0.552372857345233,0.308380385728452,0.2748811041628721
436,0.5248133082387226,0.29394491328192984,0.086019873312691
437,0.46863376034646753,0.2372027604071803,0.15723797381255944
438,0.5716451136340639,0.28168295792605186,0.17616214356545848
439,0.6110821038997835,0.33483293870034203,0.13788274340760528
440,0.5098638010240221,0.289444073421974,0.10959666484528363
441,0.48583773500900573,0.24367676522372655,0.23197539109141319
442,0.4772266407625524,0.2695889745613502,0.16125311152935462
443,0.39547285127395626,0.19600105235464352,0.1720579604557505
444,0.4961285491672232,0.19305445935280188,0.14075243357011313
445,0.4727217533847368,0.190037034788416,0.06786877947098942
446,0.5135025195798677,0.32787525549956487,0.2830995891769372
447,0.4282840548033918,0.2191730921012689,0.2925404245846235
448,0.5549349361504058,0.2199218829053083,0.31489284196466516
449,0.5336874911460546,0.2150891465808593,0.0942262157731771
450,0.6349766255843604,0.41193005889138484,0.1516746605144395
451,0.43049602331370285,0.19440835407686236,0.28248031894440734
452,0.48163236395280595,0.2178111023414891,0.13550887418290733
453,0.509457025479125,0.32897820411632567,0.2110557950336956
454,0.6025074373140672,0.3143241657053812,0.16455183858498776
455,0.44357760103616456,0.23008115273308644,0.10697792079007548
456,0.4657924028089774,0.23850403739906503,0.14333677372351405
457,0.5358185092991723,0.2998360755266833,0.2641835144597576
458,0.6051747515835914,0.33152004533220003,0.177329852467974
459,0.44713941675267643,0.2682532936676583,0.18669378503632647
460,0.34416853864367675,0.09380527391577115,0.33276668083297917
461,0.48222532531924794,0.29194948697711126,0.21762491651994414
462,0.4846376459636128,0.24443365106348533,0.22882035091979844
463,0.5540080545605407,0.31966284176228926,0.23973245906947566
464,0.5189383360654078,0.2551008843826523,0.1625685548337482
465,0.41021188755995386,0.22268026632667517,0.24016959099832028
466,0.44452269645639814,0.18761459534940197,0.132076579037905
467,0.6559144354724465,0.42830226863376036,0.12325501386274867
468,0.48779066237629776,0.3684334082124137,0.2047983324226418
469,0.49517535871127033,0.25532956914172383,0.06309068463764596
470,0.6185922732884059,0.4291441523485722,0.27237973812559446
471,0.47691902940521724,0.33948151296217594,0.25184060874668607
472,0.42975937506324247,0.22512699087284724,0.20418715722583125
473,0.39213162528079654,0.17820614008459312,0.2629429502357679
474,0.45871127031348025,0.2452249408050513,0.08264221965879424
475,0.5639467346649667,0.2109667496407828,0.21561937142047638
476,0.5223908687997085,0.2970857871410358,0.08623034424139396
477,0.4834314856414304,0.2871531783133993,0.22752109768684353
478,0.491322121708862,0.20914131908607048,0.20024082731265053
479,0.4593831582781859,0.3000445226964564,0.262892356262522
480,0.5037803816809342,0.342632505615931,0.11183494222168255
481,0.4575455851698946,0.27328638212616113,0.10417906219011192
482,0.41469046607168153,0.22142958330803636,0.22509461072996984
483,0.4739866027158845,0.22831036366947968,0.16958492704349057
484,0.5387104608099084,0.29289660615627466,0.2164228037156214
485,0.5229818064072208,0.21773824702001499,0.18754174002792787
486,0.42906117823244894,0.2030234958411754,0.17527371339526035
487,0.5839839718292757,0.34858438062857955,0.1890777730556736
488,0.5351567401291158,0.439406633881772,0.22789144557100358
489,0.5968065084087184,0.3368344362819501,0.13247525954708275
490,0.4251593710157246,0.11645923137635845,0.05680286564264465
491,0.6257503086232368,0.41752979985024186,0.19165604193228503
492,0.4856798818124785,0.3559731244814118,0.16934409973084005
493,0.5611721611721612,0.33822678242567744,-0.03358225568170319
494,0.4961872381761884,0.164833141076235,0.17156416327687046
495,0.5341873596017243,0.3369578855766701,0.1494869771112865
496,0.5407463622933236,0.2953534494970959,0.2165239916621132
497,0.5234169145771356,0.32787323174063504,0.18588225770546213
498,0.5902697670653472,0.38997834577945073,0.24465828830469716
499,0.5333211907797543,0.37622083257442374,0.14338129641997047
500,0.49099224900329874,0.3806285795236071,0.18427336935624228
501,0.39948798899075144,0.1753202598506466,0.1446279319207496
502,0.5647886183797786,0.3767328435836723,0.11503652884868354
503,0.5001497581608079,0.2534494970959059,0.15255701940784813
504,0.5172667111893631,0.26863983162325705,0.1327343006901018
505,0.5719001072592232,0.37833566065610263,0.19887681379394087
506,0.5854876247141441,0.4905328557262259,0.29893145528504644
507,0.48979823123469535,0.2534697346852043,0.22505211179244328
508,0.5041871572258313,0.3669135652561067,0.23417724080707505
509,0.49025762451176813,0.319345111610305,0.27255782891142005
510,0.39163580434298667,0.14509946775140145,0.26006111751968103
511,0.5560985975350616,0.30526379697650413,0.17032764657074048
512,0.5773784226822901,0.3819197377208427,0.16793758727460384
513,0.5786088681116306,0.3896424017970979,0.11851537044907211
514,0.6496387590310242,0.45535790176674157,0.038208568595308925
515,0.5036468135915649,0.3358306518527513,0.29888288507073035
516,0.5995345354461377,0.3027037419302613,0.18678687794709894
517,0.46681035355068506,0.26883006496266165,0.18813874891222956
518,0.4744884949304839,0.3840345658025216,0.21440713982150447
519,0.5790561188351243,0.378380183352559,0.16486956873697206
520,0.4738550583854451,0.27395827009086676,0.1290146317770627
521,0.5751340740291017,0.3953413069435169,0.2174387306983992
522,0.5542205492481735,0.39476453564851355,0.11215469613259668
523,0.5092121506486147,0.4119988666949993,0.08338898670390384
524,0.5499787505312367,0.36789913585493694,0.2786108918705604
525,0.47251937749175316,0.2428146439196163,0.2348046060753243
526,0.5228097868981847,0.30468297816364115,0.1646935017100763
527,0.4750510999129784,0.3096755914435472,0.14802582316394472
528,0.5179952644041041,0.33414890818205734,0.141804788213628
529,0.3232165624430818,0.2128367028919515,0.10889846801449012
530,0.4435695060004452,0.23577601036164572,0.13110315099265377
531,0.46166595835104124,0.36581061663934594,0.2762754740655293
532,0.37975229190698806,0.2674033149171271,0.20779551939772933
533,0.5805617954789225,0.3558516989456216,0.17516240665411936
534,0.5443324631169935,0.3530953392831846,0.07144071398215045
535,0.4827373363284965,0.233782607815757,0.20543176896768056
536,0.38607249104486674,0.044166514884746925,0.11474106004492744
537,0.5275190739279138,0.4186226296723534,0.06323032400380467
538,0.41225386032015865,0.22031246837876672,0.1590816181976403
539,0.6021289943941878,0.41996640560176474,0.11974379211948273
540,0.45930018416206264,0.21633578208163842,0.22323882379131
541,0.4320097949932204,0.2133041912047437,0.11643089875134074
542,0.49597879100641534,0.2808734543541173,0.21381417845506243
543,0.49375467994252525,0.3056685487624714,0.19932608827636453
544,0.5928844636026956,0.3323639528059418,0.3313500495820938
545,0.49582498532774777,0.2944812093983365,0.1194746321818145
546,0.4840730172221885,0.29667091656041933,0.16746402768502217
547,0.553757108453241,0.32607006253415094,0.1901888167081537
548,0.497701009855706,0.33477424969137676,0.10429239269018274
549,0.4994637038835934,0.3632991318074191,0.29876348329387004
550,0.5637868577095096,0.33492805537004433,0.28168295792605186
551,0.4993058506870662,0.3093639325683525,0.21203934187359602
552,0.5154412806346508,0.28875801914475946,0.16475826199583105
553,0.5474247667617833,0.3918948454860057,0.31159411490903205
554,0.4661222755145407,0.10165948232246574,0.038145832068484
555,0.45957946289438,0.2136563252585352,0.269530285552385
556,0.47082144374962054,0.2527330864347439,0.13977091048914253
557,0.4793151599781434,0.2951247647380244,0.2575496326877542
558,0.5639973286382126,0.28947645356485135,0.10626960516463278
559,0.49088296602108755,0.24748143201181874,0.17123429057130715
560,0.5121688624451055,0.3015097241616579,0.25674215287474955
561,0.5020318539655556,0.23097565418007407,0.37659320421751363
562,0.4450205411531378,0.18498573249954464,0.22806751259789934
563,0.5611114484042661,0.3407827899540607,0.27440147329650094
564,0.6161394774654443,0.3933398093619088,0.13979519559630058
565,0.5699593224455103,0.3571286908303483,0.20548641045878616
566,0.5359561249064011,0.3346730617448849,0.19519964381842836
567,0.45285855948839376,0.23210693542185254,0.27165118491085344
568,0.5428004776071075,0.47501669601117114,0.17511788395766295
569,0.4185821544937567,0.19406229129986036,0.2148280816789104
570,0.378467204986542,0.11674862890332503,0.2706878756602514
571,0.5825572217837411,0.3747131321716957,0.1048307125655192
572,0.5536458017121001,0.27797543156659177,0.17509562260943476
573,0.4550381478558274,0.32237670248719974,0.17294234310808895
574,0.5141238135713274,0.31133305000708317,-0.06253617469087082
575,0.45917875862627244,0.21984498006597455,0.17040657316900412
576,0.34225406269605163,0.24194847509764636,0.214994029911157
577,0.512336834436282,0.2822111590067391,0.25095824985327747
578,0.5502580292635542,0.29166413696800436,0.3184587051990367
579,0.4305203084208609,0.2359925525671382,0.1059134235929816
580,0.6281444154372331,0.47920385323700243,0.3580312873130553
581,0.5672636755509683,0.3802582316394471,0.1796612227551454
582,0.4048873778155546,0.19956084431222554,0.2624390342622387
583,0.38889158723412864,0.1962783073280311,0.135636370995487
584,0.530544593528019,0.18772792584947282,0.15051099912978366
585,0.4594964887782567,0.23645396960314088,0.07517859672555806
586,0.6171068342339061,0.37915528302268636,0.2560540748386052
587,0.4237427397648392,0.17966527027300508,0.24216704106206868
588,0.558925788760043,0.369072916034242,-0.01346204440127092
589,0.5528484406937446,0.2920061522271467,0.18033715823771074
590,0.4149717685629288,0.2766802258514966,0.155661465606217
591,0.5045878614939389,0.2336105883067209,0.27636047194058244
592,0.488788375528707,0.14471900107259222,0.16039706150203387
593,0.47485479529678426,0.2176613441806812,0.12656790723089065
594,0.4232023961305729,0.24168538643676765,0.24456924291178433
595,0.5486592597089834,0.3183251371096675,0.17269544451864893
596,0.5154048529739137,0.39477465444316273,0.17488717543966162
597,0.5116487564001376,0.27486693785036326,0.20699411086151417
598,0.5368688401837574,0.3670592758990549,0.13115374496589965
599,0.4650193268977799,0.2504907615404853,0.11446380507153987
600,0.4746665857163095,0.2507457551656447,0.22165219679031833
601,0.6377916742557627,0.3768886730212697,0.1428591666160727
602,0.5115293546232773,0.28319875336449923,0.2254932912391476
603,0.4399044785785117,0.22588792423046566,0.2867180701434845
604,0.38484204561552626,0.12326715641632768,0.17736020885192155
605,0.5057049764232084,0.3035172930200555,0.16331127436099813
606,0.4887033776536539,0.2475057171189768,0.2418270495618562
607,0.4704935948029871,0.22122315989719304,0.3942565721571246
608,0.4367676522372655,0.2701596745795641,0.11208791208791209
609,0.5433529637949528,0.30913929532714063,0.19670734422115638
610,0.6027745734928055,0.3464513387165321,0.088664926233987
611,0.5624936757533443,0.3303422176350353,0.18013680610365693
612,0.5229352599518345,0.23091291765324914,0.2103373606136037
613,0.4837148118916075,0.30817598607653857,0.20466071681541295
614,0.45960779551939773,0.10336551110031773,0.13856879768481978
615,0.5281262016068646,0.2054843866998563,0.13560399085260963
616,0.48026632667516644,0.29059963977091047,0.2321028879039929
617,0.5782081638435229,0.3372776394875842,0.270198125999231
618,0.5930605306295914,0.42801084734786393,0.12016473397688868
619,0.5521482201040212,0.25762855928601786,0.20971404286321413
620,0.6369538380588105,0.3289316576609394,0.12125756379900027
621,0.4587861493938842,0.241248254507923,0.2894703822880618
622,0.3994212049460668,0.14926436362900453,0.1471333454758869
623,0.4308602999210734,0.2853621516604942,0.1906563050209459
624,0.5199542630481857,0.31091413190860706,0.17574727298484205
625,0.44243215348187725,0.1635946006111752,0.20775302046020278
626,0.5024649383765406,0.36040515653775324,0.32778013882986257
627,0.5267905207131727,0.25312164814927246,0.24849533523566672
628,0.5433165361342157,0.3785380365490863,0.14119968429360694
629,0.5236294092647684,0.27521097686843543,0.34588063869831825
630,0.6155141359561249,0.3405075587396029,0.1917491348430575
631,0.4320259850646591,0.2583955639204258,-0.04096897577560561
632,0.5443527007062918,0.2524780928095845,-0.003735858984477769
633,0.5879262542245968,0.34650193268977797,0.0066298342541436465
634,0.47261247040252563,0.2642179183615648,0.17714164288749923
635,0.5381640458988526,0.3136320401513772,0.15455446947159654
636,0.3827676927124441,0.14685811426142917,0.0638010240220185
637,0.6289620140448869,0.4211300669864206,0.20047760710744136
638,0.4810616639345921,0.22482747455123145,0.29203650861109426
639,0.5588043632242528,0.33690526784449437,0.26274259810171413
640,0.4713779774553255,0.26235201262825575,0.16748224151539068
641,0.5127476574990387,0.1928197033169409,0.20079533725942567
642,0.4225143180944286,0.21646327889421813,0.1555117074454091
643,0.5259972072126768,0.27900552486187846,0.21025236273855058
644,0.48323518102523627,0.23200777123429056,0.19322040758504846
645,0.4660372776394876,0.294610729969846,0.16218201687814948
646,0.5680691316050432,0.3554004007042681,0.12069698257543561
647,0.5549227935968267,0.4568898872766276,0.1554773035436019
648,0.5466739521988141,0.29365956327282294,0.3671301074615992
649,0.6095784510149151,0.35456054074838605,0.18961406917208024
650,0.5313662396535325,0.2743852832250622,0.25240118997025074
651,0.4935684941209803,0.2889219436180762,0.22357274401473295
652,0.5865075992147816,0.3472871511545545,0.15985874162669741
653,0.36814198692651734,0.18044239370206222,0.2754315665917876
654,0.36886851638232854,0.2445712666707142,0.374437900957238
655,0.5501952927367292,0.3219759982190921,0.01086353793536114
656,0.5264424341772408,0.32920081759860764,0.04293809321433631
657,0.42861999878574464,0.17454920769837898,0.25362151660494203
658,0.48469026369578855,0.24609110962702124,0.2622326108513954
659,0.46696011171149293,0.12064841236111955,0.15575455851698947
660,0.4526238034525327,0.169307672070103,0.09453989840730172
661,0.5042923926901828,0.3739764839212353,0.3369700281302491
662,0.5980329063201991,0.28299637747151557,0.2999777386517718
663,0.42161374537065144,0.30106854471495353,0.1732115030457572
664,0.49375467994252525,0.3115030457571894,0.2031348025823164
665,0.5270374193026127,0.3635318640843503,0.015678060429441646
666,0.5008095035719345,0.28676259283994093,0.1309331552425475
667,0.49539999595248213,0.3808997632202052,0.11456094550017203
668,0.434845081253921,0.2151680731791229,0.23848379980976667
669,0.4662113209074535,0.2569748851516807,0.05924959018881671
670,0.38524882116042336,0.19316374233501304,0.18915062837714772
671,0.5437900957237973,0.24506101633173458,0.21769574808248843
672,0.5029445692429118,0.33757917956812983,0.17979883836237429
673,0.4632100864145063,0.1944549005322486,0.15880233946532288
674,0.42101673648634974,0.2327181106186631,0.22716491611519235
675,0.542175136097788,0.383275656203833,0.12431343978305304
676,0.4760852407261247,0.22428713091696517,0.2802238277376399
677,0.4171736182785907,0.2587942444296035,0.229554975411329
678,0.5354117337542752,0.353967579381944,0.16055896221642077
679,0.4607491955558254,0.2932892153886629,0.16250784206585311
680,0.41342966425839356,0.15880638698318256,0.031153744965899663
681,0.5375326331127436,0.2783376844150325,0.15290510594377998
682,0.520284135753749,0.2936190880942262,0.16486349746018256
683,0.4939368182462105,0.28206747212272076,0.3342420010928298
684,0.48246412887296863,0.3548802946593002,0.13947139416752677
685,0.4629773541375751,0.33155444923400723,0.2034586040110902
686,0.5695606419363325,0.3428773804464412,0.1878048286888066
687,0.51026045777427,0.3115516159715055,0.1850120413656325
688,0.5699249185437031,0.3540890049177342,0.2230829943537126
689,0.4296946147774877,0.1600854026268391,0.21526521360775505
690,0.5626859328516787,0.3320441988950276,0.1025155323497865
691,0.39917835387448647,0.18051322526460647,0.26837269544451864
692,0.5059275899054905,0.2497318519417967,0.19511464594337521
693,0.5042337036812174,0.317503490984154,0.22679659198996216
694,0.5088195414162265,0.31382024973185196,0.2201384251108008
695,0.3840102806953636,0.2383967781757837,0.27584643717240404
696,0.5825632930605307,0.3391091413190861,0.3000971404286321
697,0.4829012608018133,0.3413656325258535,0.08660676340234351
698,0.5253738894622872,0.353251168720782,0.2570942869285411
699,0.5502216016028171,0.227589905490458,0.2103029567117965
700,0.5443284155991338,0.3213061340133163,0.11659279946572765
701,0.4495638799506203,0.20952583328273935,0.08882480318944408
702,0.40977677939003904,0.16443446056705724,0.17302531722421224
703,0.49620545200655697,0.2321980045736952,0.2854552445712667
704,0.5647481432011818,0.34601015926982776,0.21883107684212658
705,0.4444316273045555,0.2527108250865157,0.30430251148483195
706,0.46601906380911906,0.25148037965717523,0.1838726650881347
707,0.503102422439439,0.19984619432133244,0.231261004189181
708,0.5567502479104689,0.29632485378341733,0.363831380405966
709,0.48140570295266427,0.21603828951895251,0.2744055208143606
710,0.4729929370813349,0.22037925242345133,0.15266225487219962
711,0.39087689474429804,0.28512537186570336,0.27524538077024263
712,0.5677433064173396,0.3601744480197519,0.32284621455892176
713,0.5923947139416753,0.47617023860117785,0.03992876368566976
714,0.5730475785724405,0.4141258373302572,0.14915103312893369
715,0.47016372209742374,0.2831258980430251,0.13269382551150508
716,0.44777690081557486,0.23860724910448666,0.12710420334729727
717,0.48343350940036023,0.35420233541780505,0.24695323093113147
718,0.5074514803796571,0.30041487058061644,0.10811324954971364
719,0.5406249367575334,0.3267217129095582,0.28609475239309495
720,0.44041244206990066,0.14039827575739178,0.07442575840365896
721,0.46428267864731954,0.2708639426871471,0.22343917592536378
722,0.49735899459656363,0.31920951976200596,0.24781737599417158
723,0.45731690041082307,0.2740230303766215,0.12602553983769454
724,0.5282132232408475,0.27156821079473015,0.18360148139153665
725,0.5925404245846235,0.36340639103070044,0.3294274785987493
726,0.5445429340456964,0.3306822091352478,0.15221095663084613
727,0.45888936109930584,0.20742517151356932,0.30387954586849614
728,0.5658531155768725,0.3467710926274462,0.057891647946896566
729,0.5297188998846457,0.3199906907089228,0.18446157893671705
730,0.4409183818023597,0.15495517373970413,0.17169368384838
731,0.49539392467569265,0.36816424827474553,0.236662416772914
732,0.5301135328759639,0.3078602796834841,0.3137959646246939
733,0.5123307631594924,0.3633719871288932,0.09846194321332442
734,0.43780381680934166,0.2678910408192176,0.20731184101349848
735,0.5993827535263999,0.3733673324833546,0.2969319814623682
736,0.6046161941189565,0.36966790115961384,0.0687936373019246
737,0.40859692793394453,0.27691093436949793,0.160024689858944
738,0.5112075769534333,0.3581729504381438,0.22117458968287698
739,0.4435674822415154,0.19730435310545807,0.15465363365915852
740,0.5441563960900977,0.3220589723352154,0.2638111428166677
741,0.48344565195393924,0.17448647117155405,0.30622508246817637
742,0.5092566733450712,0.24002185659644223,0.290951773824702
743,0.45787343411652803,0.29449537571084533,0.2627972395928197
744,0.4944508530143889,0.2123165968469836,0.16735069718495132
745,0.5490862728431789,0.29079189686924495,0.26739724364033757
746,0.5182016878149475,0.24745917066359055,0.14887175439661626
747,0.4990225244368891,0.3938963430676138,0.10670471333454759
748,0.49547892255074577,0.2499888693258859,0.2984255155525874
749,0.4727925849472811,0.28058203306822094,0.10959261732742395
750,0.43924675692631493,0.1727703235990529,0.09776577014146075
751,0.40548641045878614,0.21004189180984761,0.22547710116770892
752,0.5583591362596887,0.298739198186712,0.25116264950519096
753,0.5921781717361828,0.38525286867828307,0.15135288284459555
754,0.5612571590472143,0.369172080221804,0.28952097626130774
755,0.5750733612612066,0.28946431101127235,-0.002970878108999656
756,0.6013518709651307,0.41072389856920244,0.24905996397709104
757,0.5518041810859491,0.20481249873515067,0.21030093295286664
758,0.4706170440977071,0.250853014388926,0.20233946532289074
759,0.47585655596705323,0.21899297755651348,0.20428834517232308
760,0.6063080565842996,0.46977313662396536,0.2627021229231174
761,0.5783032805132252,0.3482524841640864,0.17243235585777023
762,0.4771497379232186,0.1573857082144375,0.18769756946552527
763,0.5293849796612228,0.24060672292716492,0.12293323619290471
764,0.4086738307732783,0.1151458118308947,0.25220083783619696
765,0.5710440572319025,0.25701940784813715,0.20767207010300934
766,0.46767652237265495,0.21587436504563576,0.09169854086981159
767,0.4382733288810637,0.25031064699572986,0.2792200433084411
768,0.5454171979033857,0.4277578774816344,0.23697812316596847
769,0.5269443263918402,0.27411814704632387,0.028399409062392487
770,0.5493878129237245,0.2191022605387246,0.12443284155991338
771,0.6011677089025156,0.46883815999838097,0.24789427883350534
772,0.6284985732499545,0.43170623115374496,0.2704510958654605
773,0.4722846214558922,0.25925363770667637,0.20978285066682856
774,0.3442757978669581,0.1322769311719588,0.24435067694736204
775,0.45914030720660554,0.34159634104385483,0.2363548054155789
776,0.5071742254062696,0.32293525995183453,0.31222957521300065
777,0.43975472041770386,0.32537996073907677,0.15468803756096575
778,0.3550219577843887,0.040845526480885595,0.17889826563859712
779,0.47624916519944144,0.3012810394025864,0.2682735312569567
780,0.49987452694635015,0.28237305972112603,0.1559245542670957
781,0.3777932932629065,0.30824681763908285,0.15963208062655576
782,0.48362981401655436,0.21537854410782586,0.05245785522028616
783,0.4143646408839779,0.20312266002873738,0.10530831967296056
784,0.6227976443446057,0.33815797462206304,0.2753020460202781
785,0.46537146095157145,0.3333313095744035,0.2751705016898387
786,0.5980551676684274,0.32094995244166513,-0.005571408333839273
787,0.3936575395138931,0.24844069374456115,0.1949183413271811
788,0.5068625665310749,0.32465950256005505,0.13350535284236942
789,0.4982312346953231,0.2761257159047214,0.11022807763139254
790,0.4417885981421893,0.16566692975532754,0.16623358225568172
791,0.5178009835468399,0.3059518750126485,0.2976787485074778
792,0.537799769291482,0.33577803412057555,0.2545403031590877
793,0.5154898508489669,0.28577095096432115,0.20617853601279015
794,0.49595450589925727,0.258899479893955,0.2185942970473357
795,0.5209256673345071,0.30390180721672433,0.19763827332888106
796,0.5089308481573674,0.35452613684657885,0.14214477971384049
797,0.38309351790014773,0.189332766680833,0.22820715196405805
798,0.4791492117458968,0.28594499423228703,0.10154412806346508
799,0.5450974439924716,0.3525610669257078,0.16583894926436363
800,0.5014935340902191,0.26890089652520593,0.17989193127314673
801,0.4683423390605711,0.24215287474955982,0.11595936292068888
802,0.5984093254811487,0.3116426851233481,0.2499038714508328
803,0.47743711169125536,0.3520915548539858,0.16749236031003986
804,0.5648776637726914,0.45377329852467974,0.10728957966527028
805,0.475945601359966,0.21433833201789002,0.06548479145164228
806,0.49146176107502076,0.3687653046769069,0.24841438487847328
807,0.4626980754052577,0.21298241353489972,0.17434480804646552
808,0.4973893509805112,0.31502438629510454,0.3388804565600146
809,0.5186813186813187,0.34803391819966406,0.25048873778155545
810,0.5494100742719528,0.3481533199765244,0.1816343877117358
811,0.48412968247222393,0.34987553882581507,0.17080525367818186
812,0.589826563859713,0.3608220508772995,0.1977677939003906
813,0.4262967235342926,0.22481937951551212,0.23223645599336207
814,0.6402606601501629,0.37417885981421894,0.2697812316596847
815,0.42972092364357556,0.18686782830429238,0.2382854714346427
816,0.4456317163499484,0.27357173213526803,0.20446643595814867
817,0.30444417460992046,0.1208305506648048,0.21683767429623782
818,0.4729342480723696,0.23201181875215024,0.16817639082832453
819,0.5418877623297513,0.3558355088741829,0.33831178030073056
820,0.5216380304778094,0.24596361281444154,0.3702851476332139
821,0.5041264444579362,0.30562604982494485,0.28623439175925364
822,0.46961528342743813,0.29113391212838724,0.09793981340942667
823,0.5404407746949184,0.3494970959059357,0.04983708740614818
824,0.4552830226863376,0.1620282111994819,0.13159290065367413
825,0.5068200675935483,0.2715479732054318,0.09366158703175277
826,0.5475846437172404,0.3294983101612936,0.1297431849918038
827,0.4579786695808795,0.24115111407929088,0.21228624046303604
828,0.5295185477505919,0.35892376500111306,0.10262886284985732
829,0.435982433772489,0.11087972800679984,0.1135166858923765
830,0.5059377087001397,0.2925424483435533,0.13134802582316393
831,0.5623459413514662,0.3502175540849574,0.2476797603869427
832,0.578467204986542,0.3610183554934936,0.22205087729949607
833,0.5598951692874344,0.3387731973367332,0.1874101956974885
834,0.5387124845688381,0.28876813793940864,0.17059275899054904
835,0.40518891789610023,0.16770283123874283,0.15892174124218322
836,0.5016169833849392,0.2888268269483739,0.22379333373808513
837,0.5445753141885739,0.33237407160059096,0.24278833505352843
838,0.4726225891971748,0.2944164491125817,0.22465950256005504
839,0.6348046060753243,0.35864853378665534,0.15820128306316153
840,0.4739542225730071,0.21170542165017303,0.22222492056746201
841,0.5486673547447029,0.3153542590006678,0.26474207192439236
842,0.5775544897091859,0.3379555987290794,0.009637140023880355
843,0.5240382085685953,0.32997591726873493,0.07299698459919454
844,0.47008074798130045,0.262534150931941,0.237218950478619
845,0.35330378645295774,0.11533806892922915,0.21304919757958432
846,0.5127355149454597,0.2740493392427094,0.19491024629146175
847,0.5912937890838443,0.3689717280877502,0.047649404002995166
848,0.5837593345880638,0.4048610689494667,0.0328516787080323
849,0.6034120575557039,0.39915406876732845,0.12539412705158562
850,0.4082731265051707,0.24335094003602292,0.2220245684334082
851,0.5206706737093477,0.33673729585331796,0.16860340396252
852,0.5398376945338271,0.21420881144638051,0.2226215773177099
853,0.3746402768502216,0.15321474106004493,0.26885435006981967
854,0.543041304919758,0.2130937202760407,0.20447655475279786
855,0.43367939611033535,0.2626636715034505,0.20000404751785966
856,0.5274300285350009,0.3261105377127477,0.14782749478882076
857,0.5127476574990387,0.33805273915771156,0.22403416105073565
858,0.49722947402505413,0.32532936676583085,0.3492299597271973
859,0.5505373079958715,0.28032906320199136,-0.010636876935219476
860,0.4662113209074535,0.2470989415740797,0.31273146742760005
861,0.6300386537955599,0.3569930989820493,0.21307955396353187
862,0.5871390120008905,0.3014247262866047,0.15008803351344788
863,0.4383704693096958,0.25767510574140406,0.12621779693602897
864,0.49349361504057637,0.16852245360532653,0.1565944184728715
865,0.41073604112278145,0.2352397142452391,0.18812053508186105
866,0.4599396919838909,0.24265679072308907,-0.05962600934976626
867,0.5571145245178394,0.3426486956873697,0.20121425535790177
868,0.4936170643352964,0.20859692793394452,0.12413332523829762
869,0.5613704895472851,0.37884160038856174,0.11939772934248072
870,0.5565984659907312,0.3052718920122235,0.3056584299678222
871,0.5083965757998907,0.3041628721186732,0.09775565134681156
872,0.47876065003136825,0.17434480804646552,0.1262805334628539
873,0.5077833768441503,0.26179952644041043,0.09400967356768462
874,0.42093780988808616,0.20737862505818308,0.13886831400643557
875,0.5482524841640863,0.3866674761702386,0.3306437577155809
876,0.5811932082650315,0.42364964685406675,0.2656203832999413
877,0.49781029283791717,0.22445510290814158,0.26136037075263596
878,0.5042842976544634,0.30660757290591545,0.2504260012547305
879,0.5905126181369276,0.42302632910367716,0.24076862364155183
880,0.5144921376965575,0.33464472911986726,0.23794547993443022
881,0.6077651630137818,0.3308258960192662,0.22290692732681683
882,0.4607977657701415,0.27958027239795197,0.32328132272883653
883,0.5223645599336207,0.3313500495820938,0.2995729868658045
884,0.5629065225750308,0.22735514945459698,0.10480237994050148
885,0.47145892781251897,0.17391374739441037,0.10285552384999899
886,0.5454920769837897,0.34275797866958085,0.33583469937061095
887,0.4633193693967175,0.2622973711371501,0.2058972335215429
888,0.45987088418027644,0.17065549551737397,0.07975431566591788
889,0.5046445267439743,0.26813389189079795,0.1350332908343958
890,0.5569141723837856,0.34384878473276265,0.25844211037581205
891,0.6114463805071539,0.37718009430716615,0.22898629915204502
892,0.5303381701171757,0.24516827555501589,0.21561127638475705
893,0.5307732782870904,0.2781434035577682,0.2929816040313278
894,0.4847874041244207,0.2839576629631878,0.23367534859247566
895,0.527824661526319,0.3167627952158339,0.2605893186003683
896,0.3779997166737498,0.16839698055167668,0.0982656385971303
897,0.5259911359358873,0.33895938315827817,0.2716349948394147
898,0.47388339101046284,0.2793192074960031,0.25623823690122033
899,0.5513326452552972,0.3573128528929634,0.31484224799141924
900,0.5018315018315018,0.3275980005261773,0.06443850808491693
901,0.5737397041264445,0.44142836905267846,0.30598627891445573
902,0.4818630724708073,0.33926901827454314,0.3121607674093862
903,0.47862101066520957,0.33717645154109244,0.21614554874223382
904,0.4909072511282456,0.20148543905449984,0.06282354845890757
905,0.5919474632181815,0.35964827069799443,0.17941837168356506
906,0.4913302167445814,0.33357820816384354,0.3049663044138182
907,0.3811324954971364,0.2168801732337644,0.2617448849493048
908,0.41579543844737216,0.24922591220933762,0.185920709125129
909,0.5880173233764394,0.45499362515937103,0.1707141845263392
910,0.4597960050998725,0.22286240463036044,0.1840628984275393
911,0.4503187420314492,0.22727015157954383,0.19804909639163784
912,0.573893509805112,0.323250966344889,0.22449153056887863
913,0.4963127112298383,0.32646469552546903,0.17068787566025134
914,0.49291279622771333,0.29673162932831443,0.05571408333839273
915,0.4286564264464817,0.17188796470564427,0.22160160281707242
916,0.5295408090988202,0.36596644607694334,0.10594782749478882
917,0.4330763159492441,0.26862566531074816,0.2770627162892356
918,0.5560824074636229,0.32974116123287395,0.061085139538178214
919,0.37601036164572077,0.17995871531783134,0.30551474308380383
920,0.43746989658591867,0.2718960597413636,0.15926780401918522
921,0.5015481755813248,0.24785582741383846,0.10175459899216806
922,0.5673122457652844,0.40740088640641126,0.22000080950357193
923,0.4595349401979236,0.21306134013316333,0.3591301884119564
924,0.43732418594297046,0.29894359783862545,0.13949972679254447
925,0.5073685062635339,0.22868678283042923,0.2574747536073503
926,0.5663853641754194,0.2760852407261247,0.25364580171210005
927,0.5899439418776435,0.37912695039766864,0.11496772104506911
928,0.5821565175156336,0.34216096978527916,0.13721085544289965
929,0.5336429684495982,0.29135450185173944,0.12938902717908243
930,0.5150426001254731,0.284746928945824,0.19243721287920182
931,0.4136603727763949,0.15391496164976828,0.3163620909477263
932,0.5695606419363325,0.30572319025357697,0.25600550462428917
933,0.5741545747070609,0.37809078582559247,0.008459312326715642
934,0.46860340396252,0.23655313379070286,0.273559589581689
935,0.5256207880517273,0.3495537611559711,0.13900795337259425
936,0.5249509238459514,0.3326412077793293,0.16038491894845486
937,0.4543925687572096,0.20862526055896222,0.091755206119847
938,0.5418331208386457,0.37838625462934855,0.13040900167971992
939,0.5476574990387145,0.25068301863881975,0.21153744965899662
940,0.5875316212332787,0.3827515026410054,0.09348349624592718
941,0.4450023273227693,0.3002914212858964,0.14086374031125412
942,0.47548418432396333,0.2827616214356546,0.247416671726064
943,0.5006901017950741,0.3257300710339384,0.1281039402586364
944,0.5161010260457775,0.3794709894157408,0.18848683544816142
945,0.5783113755489446,0.4210936393256835,0.03175075385020137
946,0.5157873434116528,0.3666079776577014,0.27349482929593427
947,0.5311638637605488,0.4079918240139235,0.16395078218282638
948,0.5515916863983162,0.31531176006314127,0.17472122720741506
949,0.5073786250581831,0.2950782182826382,0.23126302794811082
950,0.5380891668184485,0.34133527614190595,0.08741626697427803
951,0.5198935502802906,0.33149778398397184,0.012974318499180378
952,0.5600186185821545,0.310679375872746,0.12596887458765912
953,0.4883512435998624,0.2588246008135511,0.21050533260478013
954,0.508837755246595,0.316847793090887,0.1998441705624026
955,0.46178940764576126,0.2496650678971121,0.2754335903507174
956,0.42650517070406574,0.20893489567522716,0.188096249974703
957,0.5385404650598021,0.37003015400805456,0.13490377026288627
958,0.5704045494100742,0.37574524922591224,0.18470240624936757
959,0.45714285714285713,0.3146378483395058,0.19016250784206584
960,0.6016534110456763,0.32111185315605206,0.2055612895391901
961,0.507564810879728,0.3285228583571125,0.04750166960111712
962,0.4918604415841985,0.21400643555339688,0.2570821443749621
963,0.5939611033533685,0.4089389431930868,0.2586849614473924
964,0.5257523323821667,0.28835124359986236,0.07653856272640804
965,0.5460648007609333,0.2180580009309291,0.04358367231295408
966,0.5231821585412746,0.2852670349907919,0.1063930544593528
967,0.4041446582883047,0.1782041163256633,0.125995183453747
968,0.5413393236597657,0.3620261874405521,0.04730536498492299
969,0.5682856738105357,0.41961629530690303,0.13175682512699088
970,0.5022322060996094,0.3555461113472163,0.03822071114888794
971,0.4113654301499605,0.16440005666525004,0.17930099366563454
972,0.5236516706129966,0.3470463238419039,0.32093376237022647
973,0.5875093598850505,0.4431424928662498,0.3645376722724789
974,0.5128508692044603,0.2691235100074879,0.3072814846295509
975,0.6047194058243782,0.4426648857588084,0.2703276465707405
976,0.557638678080667,0.3651832513710967,0.31493129338433207
977,0.4881670815372473,0.3067168558881266,0.24880901786979134
978,0.5158298423491794,0.3777690081557485,0.22151862870094916
979,0.4958007002205897,0.26672333191670206,0.14426972659016857
980,0.46981968307935157,0.26928338696294496,0.1812559447918564
981,0.45350211482808167,0.28212413737275616,0.07975836318377755
982,0.5962621172565924,0.38862040353753063,0.13326654928864873
983,0.6353206646024325,0.4071782729241293,0.04026875518588226
984,0.47237771436666465,0.1769109343694979,0.29029000465464555
985,0.5321858620201162,0.30905834496994716,0.26604537267520695
986,0.5655718130856252,0.35609050249934227,0.22767287960658125
987,0.48421468034727705,0.296341043854856,0.3104041446582883
988,0.5199198591463785,0.2894622872523425,0.24855604800356182
989,0.6035172930200554,0.3527614190597616,0.1677837815959363
990,0.5353591160220994,0.25805961993807297,0.19262744621860645
991,0.5108291340335539,0.3587740068403052,0.1281606055086718
992,0.5687976848197843,0.2907028514763321,0.1556007528383219
993,0.5053366522979783,0.29914799749053894,0.11860846335984458
994,0.6067269746827758,0.43317750389573595,0.21522676218808814
995,0.5720862930807682,0.37935158763888044,0.2179790743326655
996,0.4508206342460486,0.2064719810576164,0.36631453261287517
997,0.696193309452978,0.4112298383016615,0.10672495092384596
998,0.46886244510553904,0.2859186853661992,0.19703519316778986
999,0.44588670997510776,0.20540343634266287,0.3990285957136786
