strategy_name,era_a_sharpe,era_b_sharpe
MA_10_50_Hold5,-0.02522242945736946,0.052483100371795294
MA_10_50_Hold10,0.008947204554053532,0.046500751891179845
MA_10_50_Hold15,0.02290848533450995,0.043083003765405345
MA_10_50_Hold20,0.0036657290521198644,0.022177613456687943
MA_10_75_Hold5,-0.02678704474292928,0.019682343916310106
MA_10_75_Hold10,0.017476111877805272,-0.005849502772797436
MA_10_75_Hold15,0.011905741401962778,-0.009640162154823335
MA_10_75_Hold20,0.012822275289569154,-0.013548079100027085
MA_10_100_Hold5,-0.023316888809110436,0.0013326510404081452
MA_10_100_Hold10,0.02994696128014812,-0.023757631673814065
MA_10_100_Hold15,0.04711312336268699,-0.007681685002238809
MA_10_100_Hold20,0.016277829425440468,-0.018834772728149787
MA_10_150_Hold5,-0.04192807484288101,-0.02625068581676819
MA_10_150_Hold10,0.02905239204435629,-0.035590782012078985
MA_10_150_Hold15,0.016239125189161877,-0.02446215718800311
MA_10_150_Hold20,0.013575701102827051,-0.026018627716586334
MA_15_50_Hold5,0.01817079514984684,0.027097720056615975
MA_15_50_Hold10,0.006698541128001374,0.026102320490532856
MA_15_50_Hold15,-0.0020499050925818748,0.029151192813588165
MA_15_50_Hold20,0.023830218751970784,-0.004608041446141146
MA_15_75_Hold5,-0.00886388872543133,-0.004811631170578398
MA_15_75_Hold10,-0.004557778800740182,-0.0061519020309367765
MA_15_75_Hold15,0.022223178667615327,-0.02663078480713825
MA_15_75_Hold20,0.012175326874022306,-0.03524900179369811
MA_15_100_Hold5,0.056028938368656855,-0.025464906952392525
MA_15_100_Hold10,0.061548087411677055,-0.018734113050860392
MA_15_100_Hold15,0.05476962861390116,-0.023224050061281188
MA_15_100_Hold20,0.03070283778084084,-0.032500766126137566
MA_15_150_Hold5,0.05163451428889566,-0.016136105641229078
MA_15_150_Hold10,0.07398399964743989,-0.007577625666740442
MA_15_150_Hold15,0.0553034098050616,-0.007163360154924152
MA_15_150_Hold20,0.03847393123465181,-0.022815749841031054
MA_20_50_Hold5,0.008976922826610403,0.009480112221128508
MA_20_50_Hold10,0.00391952180145402,-0.001376066940345321
MA_20_50_Hold15,0.008337594256598038,-0.003116553930586082
MA_20_50_Hold20,-0.0008023159925251342,-0.010298706728817579
MA_20_75_Hold5,0.008987783809889774,-0.015727962302211455
MA_20_75_Hold10,0.0223123870568961,-0.05829300703364572
MA_20_75_Hold15,0.03598236180852197,-0.052016745260887544
MA_20_75_Hold20,0.008174916794038017,-0.044827674083967456
MA_20_100_Hold5,0.019981068795442224,-0.04407290061661757
MA_20_100_Hold10,0.03074504353180964,-0.026941719276035274
MA_20_100_Hold15,0.02898263208832267,-0.0249990307890274
MA_20_100_Hold20,-0.0054281416558047265,-0.020640807061228242
MA_20_150_Hold5,0.06447082790580448,-0.030362906438839415
MA_20_150_Hold10,0.037537728231473846,0.007924706198722025
MA_20_150_Hold15,0.03149725408650521,-0.005967633506159685
MA_20_150_Hold20,-0.014716192826498893,-0.011464654516497096
MA_25_50_Hold5,0.00764621143577294,0.024658705431301928
MA_25_50_Hold10,0.009243578426413435,0.013439843729992747
MA_25_50_Hold15,-0.0073439307091311,-0.02669825876453296
MA_25_50_Hold20,0.004556665644790293,-0.012241538621047765
MA_25_75_Hold5,0.03271827087079064,-0.03190764206107353
MA_25_75_Hold10,0.010195954013660951,-0.060173905141592744
MA_25_75_Hold15,0.019846864113008025,-0.04858370444763061
MA_25_75_Hold20,0.0044765114973095155,-0.03858709829029528
MA_25_100_Hold5,-0.00899336381996382,-0.0033590101203113264
MA_25_100_Hold10,0.014209190953290993,-0.04519009552652492
MA_25_100_Hold15,-0.00271840225523864,-0.020359438652632456
MA_25_100_Hold20,-0.01989151036926189,0.000941464081753267
MA_25_150_Hold5,0.01779590413983874,-0.01514999691840497
MA_25_150_Hold10,0.004751334090986788,0.0004645193361872748
MA_25_150_Hold15,-0.023850394892772738,-0.0006873814924567087
MA_25_150_Hold20,-0.054668284854041654,-0.010417200915896423
MA_30_50_Hold5,0.010121632757488109,-0.022619371620981994
MA_30_50_Hold10,0.0022036511264734975,-0.05970673174761752
MA_30_50_Hold15,0.0013066266929683014,-0.05766725959521348
MA_30_50_Hold20,0.004537019389064377,-0.05619700824145621
MA_30_75_Hold5,0.05415842897858393,-0.11690913041221383
MA_30_75_Hold10,0.0591247656823441,-0.07893094563174509
MA_30_75_Hold15,0.0064707245811612525,-0.0553258416671361
MA_30_75_Hold20,0.016856393316240652,-0.0624441994445166
MA_30_100_Hold5,0.005778870719928629,-0.005006733689749887
MA_30_100_Hold10,0.024942401361726745,-0.019794479568366774
MA_30_100_Hold15,-0.013099949847708355,0.001047847961659949
MA_30_100_Hold20,-0.0034333822713175127,-0.002479365548171261
MA_30_150_Hold5,0.004011636026213857,-0.0013189479067478172
MA_30_150_Hold10,-0.028199718098759194,0.02071362796676591
MA_30_150_Hold15,-0.06103957070061586,0.017997801173681115
MA_30_150_Hold20,-0.0792099584978811,-0.007908810149231409
MA_10_50_Profit0.01_Stop0.01,0.019327159853668372,0.04730881563332787
MA_10_50_Profit0.01_Stop0.02,0.03131209487572583,0.07957391530990326
MA_10_50_Profit0.01_Stop0.03,0.02651916023811826,0.07957391530990326
MA_10_50_Profit0.01_Stop0.05,0.041371898059262446,0.07957391530990326
MA_10_50_Profit0.02_Stop0.01,0.00585132488345396,0.014848882208351672
MA_10_50_Profit0.02_Stop0.02,0.013165538877237318,0.043083003765405345
MA_10_50_Profit0.02_Stop0.03,0.008308836894869531,0.043083003765405345
MA_10_50_Profit0.02_Stop0.05,0.022108919631567383,0.043083003765405345
MA_10_50_Profit0.03_Stop0.01,0.006650314538503955,0.014848882208351672
MA_10_50_Profit0.03_Stop0.02,0.013863453635879226,0.043083003765405345
MA_10_50_Profit0.03_Stop0.03,0.00900675165351144,0.043083003765405345
MA_10_50_Profit0.03_Stop0.05,0.02280683439020929,0.043083003765405345
MA_10_50_Profit0.05_Stop0.01,0.006853079840149901,0.014848882208351672
MA_10_50_Profit0.05_Stop0.02,0.013965104580179886,0.043083003765405345
MA_10_50_Profit0.05_Stop0.03,0.009108402597812098,0.043083003765405345
MA_10_50_Profit0.05_Stop0.05,0.02290848533450995,0.043083003765405345
MA_10_50_Profit0.10_Stop0.01,0.006853079840149901,0.014848882208351672
MA_10_50_Profit0.10_Stop0.02,0.013965104580179886,0.043083003765405345
MA_10_50_Profit0.10_Stop0.03,0.009108402597812098,0.043083003765405345
MA_10_50_Profit0.10_Stop0.05,0.02290848533450995,0.043083003765405345
MA_10_75_Profit0.01_Stop0.01,0.0024824618028377507,-0.009714900408566908
MA_10_75_Profit0.01_Stop0.02,0.012459980994039993,-0.014300927384804594
MA_10_75_Profit0.01_Stop0.03,0.01157286377740209,-0.014300927384804594
MA_10_75_Profit0.01_Stop0.05,0.02566185089588373,-0.014300927384804594
MA_10_75_Profit0.02_Stop0.01,-0.008474108377337634,-0.005355113536278093
MA_10_75_Profit0.02_Stop0.02,-0.00023469549203171763,-0.009640162154823335
MA_10_75_Profit0.02_Stop0.03,-0.0017150651635358613,-0.009640162154823335
MA_10_75_Profit0.02_Stop0.05,0.01189782783890019,-0.009640162154823335
MA_10_75_Profit0.03_Stop0.01,-0.008431891406618923,-0.005355113536278093
MA_10_75_Profit0.03_Stop0.02,-0.00022678192896912884,-0.009640162154823335
MA_10_75_Profit0.03_Stop0.03,-0.0017071516004732725,-0.009640162154823335
MA_10_75_Profit0.03_Stop0.05,0.011905741401962778,-0.009640162154823335
MA_10_75_Profit0.05_Stop0.01,-0.008431891406618923,-0.005355113536278093
MA_10_75_Profit0.05_Stop0.02,-0.00022678192896912884,-0.009640162154823335
MA_10_75_Profit0.05_Stop0.03,-0.0017071516004732725,-0.009640162154823335
MA_10_75_Profit0.05_Stop0.05,0.011905741401962778,-0.009640162154823335
MA_10_75_Profit0.10_Stop0.01,-0.008431891406618923,-0.005355113536278093
MA_10_75_Profit0.10_Stop0.02,-0.00022678192896912884,-0.009640162154823335
MA_10_75_Profit0.10_Stop0.03,-0.0017071516004732725,-0.009640162154823335
MA_10_75_Profit0.10_Stop0.05,0.011905741401962778,-0.009640162154823335
MA_10_100_Profit0.01_Stop0.01,0.027658772870661624,0.0013614909502419144
MA_10_100_Profit0.01_Stop0.02,0.032681391257483774,-0.011312556645378601
MA_10_100_Profit0.01_Stop0.03,0.02805462251236549,-0.011312556645378601
MA_10_100_Profit0.01_Stop0.05,0.04223453361057881,-0.011312556645378601
MA_10_100_Profit0.02_Stop0.01,0.037626372983684375,0.005062632757227587
MA_10_100_Profit0.02_Stop0.02,0.03961736348181144,-0.007681685002238809
MA_10_100_Profit0.02_Stop0.03,0.034797640833788834,-0.007681685002238809
MA_10_100_Profit0.02_Stop0.05,0.047896074666450135,-0.007681685002238809
MA_10_100_Profit0.03_Stop0.01,0.03633400391000862,0.005062632757227587
MA_10_100_Profit0.03_Stop0.02,0.03864195844290193,-0.007681685002238809
MA_10_100_Profit0.03_Stop0.03,0.03387633230863634,-0.007681685002238809
MA_10_100_Profit0.03_Stop0.05,0.04711312336268699,-0.007681685002238809
MA_10_100_Profit0.05_Stop0.01,0.03633400391000862,0.005062632757227587
MA_10_100_Profit0.05_Stop0.02,0.03864195844290193,-0.007681685002238809
MA_10_100_Profit0.05_Stop0.03,0.03387633230863634,-0.007681685002238809
MA_10_100_Profit0.05_Stop0.05,0.04711312336268699,-0.007681685002238809
MA_10_100_Profit0.10_Stop0.01,0.03633400391000862,0.005062632757227587
MA_10_100_Profit0.10_Stop0.02,0.03864195844290193,-0.007681685002238809
MA_10_100_Profit0.10_Stop0.03,0.03387633230863634,-0.007681685002238809
MA_10_100_Profit0.10_Stop0.05,0.04711312336268699,-0.007681685002238809
MA_10_150_Profit0.01_Stop0.01,0.018895042756607864,-0.07145638419861085
MA_10_150_Profit0.01_Stop0.02,0.01949783489698845,-0.028465520170968248
MA_10_150_Profit0.01_Stop0.03,0.015214162066352871,-0.023224306695300664
MA_10_150_Profit0.01_Stop0.05,0.03011773053745678,-0.023224306695300664
MA_10_150_Profit0.02_Stop0.01,0.006239810550820179,-0.07145638419861085
MA_10_150_Profit0.02_Stop0.02,0.006028568672822983,-0.029763087763111474
MA_10_150_Profit0.02_Stop0.03,0.00167379499462678,-0.02446215718800311
MA_10_150_Profit0.02_Stop0.05,0.016239125189161877,-0.02446215718800311
MA_10_150_Profit0.03_Stop0.01,0.006239810550820179,-0.07145638419861085
MA_10_150_Profit0.03_Stop0.02,0.006028568672822983,-0.029763087763111474
MA_10_150_Profit0.03_Stop0.03,0.00167379499462678,-0.02446215718800311
MA_10_150_Profit0.03_Stop0.05,0.016239125189161877,-0.02446215718800311
MA_10_150_Profit0.05_Stop0.01,0.006239810550820179,-0.07145638419861085
MA_10_150_Profit0.05_Stop0.02,0.006028568672822983,-0.029763087763111474
MA_10_150_Profit0.05_Stop0.03,0.00167379499462678,-0.02446215718800311
MA_10_150_Profit0.05_Stop0.05,0.016239125189161877,-0.02446215718800311
MA_10_150_Profit0.10_Stop0.01,0.006239810550820179,-0.07145638419861085
MA_10_150_Profit0.10_Stop0.02,0.006028568672822983,-0.029763087763111474
MA_10_150_Profit0.10_Stop0.03,0.00167379499462678,-0.02446215718800311
MA_10_150_Profit0.10_Stop0.05,0.016239125189161877,-0.02446215718800311
MA_15_50_Profit0.01_Stop0.01,0.04078839889570228,0.013046472816920522
MA_15_50_Profit0.01_Stop0.02,0.04127125851747773,0.03556810364294881
MA_15_50_Profit0.01_Stop0.03,0.037228465332286735,0.03556810364294881
MA_15_50_Profit0.01_Stop0.05,0.037228465332286735,0.03556810364294881
MA_15_50_Profit0.02_Stop0.01,0.00940662040414282,0.006346849370837326
MA_15_50_Profit0.02_Stop0.02,0.011388848700067018,0.029151192813588165
MA_15_50_Profit0.02_Stop0.03,0.00781045251871978,0.029151192813588165
MA_15_50_Profit0.02_Stop0.05,0.00781045251871978,0.029151192813588165
MA_15_50_Profit0.03_Stop0.01,-0.001091342462967547,0.006346849370837326
MA_15_50_Profit0.03_Stop0.02,0.0014415012524818906,0.029151192813588165
MA_15_50_Profit0.03_Stop0.03,-0.0020499050925818748,0.029151192813588165
MA_15_50_Profit0.03_Stop0.05,-0.0020499050925818748,0.029151192813588165
MA_15_50_Profit0.05_Stop0.01,-0.001091342462967547,0.006346849370837326
MA_15_50_Profit0.05_Stop0.02,0.0014415012524818906,0.029151192813588165
MA_15_50_Profit0.05_Stop0.03,-0.0020499050925818748,0.029151192813588165
MA_15_50_Profit0.05_Stop0.05,-0.0020499050925818748,0.029151192813588165
MA_15_50_Profit0.10_Stop0.01,-0.001091342462967547,0.006346849370837326
MA_15_50_Profit0.10_Stop0.02,0.0014415012524818906,0.029151192813588165
MA_15_50_Profit0.10_Stop0.03,-0.0020499050925818748,0.029151192813588165
MA_15_50_Profit0.10_Stop0.05,-0.0020499050925818748,0.029151192813588165
MA_15_75_Profit0.01_Stop0.01,0.012682739710987795,-0.04965054286285683
MA_15_75_Profit0.01_Stop0.02,0.019959870905892695,-0.027224480558865526
MA_15_75_Profit0.01_Stop0.03,0.022969465362686296,-0.02471371045113963
MA_15_75_Profit0.01_Stop0.05,0.022969465362686296,-0.02471371045113963
MA_15_75_Profit0.02_Stop0.01,0.02212355331500301,-0.04901366075534822
MA_15_75_Profit0.02_Stop0.02,0.025167374662618362,-0.029141931989022596
MA_15_75_Profit0.02_Stop0.03,0.02805529198335516,-0.02663078480713825
MA_15_75_Profit0.02_Stop0.05,0.02805529198335516,-0.02663078480713825
MA_15_75_Profit0.03_Stop0.01,0.016053630810801273,-0.04901366075534822
MA_15_75_Profit0.03_Stop0.02,0.01946162044202025,-0.029141931989022596
MA_15_75_Profit0.03_Stop0.03,0.02232708312799756,-0.02663078480713825
MA_15_75_Profit0.03_Stop0.05,0.02232708312799756,-0.02663078480713825
MA_15_75_Profit0.05_Stop0.01,0.015949726350419045,-0.04901366075534822
MA_15_75_Profit0.05_Stop0.02,0.01935771598163802,-0.029141931989022596
MA_15_75_Profit0.05_Stop0.03,0.022223178667615327,-0.02663078480713825
MA_15_75_Profit0.05_Stop0.05,0.022223178667615327,-0.02663078480713825
MA_15_75_Profit0.10_Stop0.01,0.015949726350419045,-0.04901366075534822
MA_15_75_Profit0.10_Stop0.02,0.01935771598163802,-0.029141931989022596
MA_15_75_Profit0.10_Stop0.03,0.022223178667615327,-0.02663078480713825
MA_15_75_Profit0.10_Stop0.05,0.022223178667615327,-0.02663078480713825
MA_15_100_Profit0.01_Stop0.01,0.08170195897584231,-0.018644436043790815
MA_15_100_Profit0.01_Stop0.02,0.08170195897584231,-0.022284623452267754
MA_15_100_Profit0.01_Stop0.03,0.08170195897584231,-0.022284623452267754
MA_15_100_Profit0.01_Stop0.05,0.08170195897584231,-0.022284623452267754
MA_15_100_Profit0.02_Stop0.01,0.07440594240832768,-0.020943466733589346
MA_15_100_Profit0.02_Stop0.02,0.07440594240832768,-0.023224050061281188
MA_15_100_Profit0.02_Stop0.03,0.07440594240832768,-0.023224050061281188
MA_15_100_Profit0.02_Stop0.05,0.07440594240832768,-0.023224050061281188
MA_15_100_Profit0.03_Stop0.01,0.05476962861390116,-0.020943466733589346
MA_15_100_Profit0.03_Stop0.02,0.05476962861390116,-0.023224050061281188
MA_15_100_Profit0.03_Stop0.03,0.05476962861390116,-0.023224050061281188
MA_15_100_Profit0.03_Stop0.05,0.05476962861390116,-0.023224050061281188
MA_15_100_Profit0.05_Stop0.01,0.05476962861390116,-0.020943466733589346
MA_15_100_Profit0.05_Stop0.02,0.05476962861390116,-0.023224050061281188
MA_15_100_Profit0.05_Stop0.03,0.05476962861390116,-0.023224050061281188
MA_15_100_Profit0.05_Stop0.05,0.05476962861390116,-0.023224050061281188
MA_15_100_Profit0.10_Stop0.01,0.05476962861390116,-0.020943466733589346
MA_15_100_Profit0.10_Stop0.02,0.05476962861390116,-0.023224050061281188
MA_15_100_Profit0.10_Stop0.03,0.05476962861390116,-0.023224050061281188
MA_15_100_Profit0.10_Stop0.05,0.05476962861390116,-0.023224050061281188
MA_15_150_Profit0.01_Stop0.01,0.08807184944677401,-0.028844400988685508
MA_15_150_Profit0.01_Stop0.02,0.08807184944677401,-0.017579820241099314
MA_15_150_Profit0.01_Stop0.03,0.08807184944677401,-0.00788107280798658
MA_15_150_Profit0.01_Stop0.05,0.08807184944677401,-0.00788107280798658
MA_15_150_Profit0.02_Stop0.01,0.06320150012633885,-0.030754650405241366
MA_15_150_Profit0.02_Stop0.02,0.06320150012633885,-0.017403259556030806
MA_15_150_Profit0.02_Stop0.03,0.06320150012633885,-0.007739375978121747
MA_15_150_Profit0.02_Stop0.05,0.06320150012633885,-0.007739375978121747
MA_15_150_Profit0.03_Stop0.01,0.0553034098050616,-0.030754650405241366
MA_15_150_Profit0.03_Stop0.02,0.0553034098050616,-0.01682724373283321
MA_15_150_Profit0.03_Stop0.03,0.0553034098050616,-0.007163360154924152
MA_15_150_Profit0.03_Stop0.05,0.0553034098050616,-0.007163360154924152
MA_15_150_Profit0.05_Stop0.01,0.0553034098050616,-0.030754650405241366
MA_15_150_Profit0.05_Stop0.02,0.0553034098050616,-0.01682724373283321
MA_15_150_Profit0.05_Stop0.03,0.0553034098050616,-0.007163360154924152
MA_15_150_Profit0.05_Stop0.05,0.0553034098050616,-0.007163360154924152
MA_15_150_Profit0.10_Stop0.01,0.0553034098050616,-0.030754650405241366
MA_15_150_Profit0.10_Stop0.02,0.0553034098050616,-0.01682724373283321
MA_15_150_Profit0.10_Stop0.03,0.0553034098050616,-0.007163360154924152
MA_15_150_Profit0.10_Stop0.05,0.0553034098050616,-0.007163360154924152
MA_20_50_Profit0.01_Stop0.01,-0.00290393423977482,0.007612223221688409
MA_20_50_Profit0.01_Stop0.02,0.011809196451517819,-0.004568817805303598
MA_20_50_Profit0.01_Stop0.03,0.011809196451517819,-0.0020308158195727825
MA_20_50_Profit0.01_Stop0.05,0.011809196451517819,-0.0020308158195727825
MA_20_50_Profit0.02_Stop0.01,-0.005318175696135781,0.0005856220383243284
MA_20_50_Profit0.02_Stop0.02,0.007837854374404778,-0.0113284975791892
MA_20_50_Profit0.02_Stop0.03,0.007837854374404778,-0.008784515229673353
MA_20_50_Profit0.02_Stop0.05,0.007837854374404778,-0.008784515229673353
MA_20_50_Profit0.03_Stop0.01,-0.004099809608789023,0.0026770089708918095
MA_20_50_Profit0.03_Stop0.02,0.008956927211859526,-0.009275323048235678
MA_20_50_Profit0.03_Stop0.03,0.008956927211859526,-0.006731340698719831
MA_20_50_Profit0.03_Stop0.05,0.008956927211859526,-0.006731340698719831
MA_20_50_Profit0.05_Stop0.01,-0.004724362489308745,0.006351530935267353
MA_20_50_Profit0.05_Stop0.02,0.008337594256598038,-0.0056605362801019285
MA_20_50_Profit0.05_Stop0.03,0.008337594256598038,-0.003116553930586082
MA_20_50_Profit0.05_Stop0.05,0.008337594256598038,-0.003116553930586082
MA_20_50_Profit0.10_Stop0.01,-0.004724362489308745,0.006351530935267353
MA_20_50_Profit0.10_Stop0.02,0.008337594256598038,-0.0056605362801019285
MA_20_50_Profit0.10_Stop0.03,0.008337594256598038,-0.003116553930586082
MA_20_50_Profit0.10_Stop0.05,0.008337594256598038,-0.003116553930586082
MA_20_75_Profit0.01_Stop0.01,0.014336687457222752,-0.05667177874483426
MA_20_75_Profit0.01_Stop0.02,0.03010388642166265,-0.05833263858774028
MA_20_75_Profit0.01_Stop0.03,0.03010388642166265,-0.05584171160987773
MA_20_75_Profit0.01_Stop0.05,0.03010388642166265,-0.05584171160987773
MA_20_75_Profit0.02_Stop0.01,0.03274216773847551,-0.04753702732281082
MA_20_75_Profit0.02_Stop0.02,0.046281732627308315,-0.04964565678678459
MA_20_75_Profit0.02_Stop0.03,0.046281732627308315,-0.0479275913083702
MA_20_75_Profit0.02_Stop0.05,0.046281732627308315,-0.0479275913083702
MA_20_75_Profit0.03_Stop0.01,0.022690429307137754,-0.05232573748911739
MA_20_75_Profit0.03_Stop0.02,0.03606046407505381,-0.053909043469293295
MA_20_75_Profit0.03_Stop0.03,0.03606046407505381,-0.052016745260887544
MA_20_75_Profit0.03_Stop0.05,0.03606046407505381,-0.052016745260887544
MA_20_75_Profit0.05_Stop0.01,0.022612327040605916,-0.05232573748911739
MA_20_75_Profit0.05_Stop0.02,0.03598236180852197,-0.053909043469293295
MA_20_75_Profit0.05_Stop0.03,0.03598236180852197,-0.052016745260887544
MA_20_75_Profit0.05_Stop0.05,0.03598236180852197,-0.052016745260887544
MA_20_75_Profit0.10_Stop0.01,0.022612327040605916,-0.05232573748911739
MA_20_75_Profit0.10_Stop0.02,0.03598236180852197,-0.053909043469293295
MA_20_75_Profit0.10_Stop0.03,0.03598236180852197,-0.052016745260887544
MA_20_75_Profit0.10_Stop0.05,0.03598236180852197,-0.052016745260887544
MA_20_100_Profit0.01_Stop0.01,0.029564778473463327,-0.07831690190792182
MA_20_100_Profit0.01_Stop0.02,0.04613732925042457,-0.030499534829071587
MA_20_100_Profit0.01_Stop0.03,0.04613732925042457,-0.024061584855157712
MA_20_100_Profit0.01_Stop0.05,0.04613732925042457,-0.024061584855157712
MA_20_100_Profit0.02_Stop0.01,0.013680357332444529,-0.07904959223764095
MA_20_100_Profit0.02_Stop0.02,0.02898263208832267,-0.0320768140283987
MA_20_100_Profit0.02_Stop0.03,0.02898263208832267,-0.02554576647750845
MA_20_100_Profit0.02_Stop0.05,0.02898263208832267,-0.02554576647750845
MA_20_100_Profit0.03_Stop0.01,0.013680357332444529,-0.07904959223764095
MA_20_100_Profit0.03_Stop0.02,0.02898263208832267,-0.03153007833991765
MA_20_100_Profit0.03_Stop0.03,0.02898263208832267,-0.0249990307890274
MA_20_100_Profit0.03_Stop0.05,0.02898263208832267,-0.0249990307890274
MA_20_100_Profit0.05_Stop0.01,0.013680357332444529,-0.07904959223764095
MA_20_100_Profit0.05_Stop0.02,0.02898263208832267,-0.03153007833991765
MA_20_100_Profit0.05_Stop0.03,0.02898263208832267,-0.0249990307890274
MA_20_100_Profit0.05_Stop0.05,0.02898263208832267,-0.0249990307890274
MA_20_100_Profit0.10_Stop0.01,0.013680357332444529,-0.07904959223764095
MA_20_100_Profit0.10_Stop0.02,0.02898263208832267,-0.03153007833991765
MA_20_100_Profit0.10_Stop0.03,0.02898263208832267,-0.0249990307890274
MA_20_100_Profit0.10_Stop0.05,0.02898263208832267,-0.0249990307890274
MA_20_150_Profit0.01_Stop0.01,0.018455528681501056,-0.014792204244850607
MA_20_150_Profit0.01_Stop0.02,0.03807596530055553,-0.01783387451383209
MA_20_150_Profit0.01_Stop0.03,0.03807596530055553,-0.01783387451383209
MA_20_150_Profit0.01_Stop0.05,0.03807596530055553,-0.01783387451383209
MA_20_150_Profit0.02_Stop0.01,0.018943067731850373,-0.004041500142572855
MA_20_150_Profit0.02_Stop0.02,0.03706248118474663,-0.00708317041155434
MA_20_150_Profit0.02_Stop0.03,0.03706248118474663,-0.00708317041155434
MA_20_150_Profit0.02_Stop0.05,0.03706248118474663,-0.00708317041155434
MA_20_150_Profit0.03_Stop0.01,0.013830786686130922,-0.002073836961544575
MA_20_150_Profit0.03_Stop0.02,0.03149725408650521,-0.00511550723052606
MA_20_150_Profit0.03_Stop0.03,0.03149725408650521,-0.00511550723052606
MA_20_150_Profit0.03_Stop0.05,0.03149725408650521,-0.00511550723052606
MA_20_150_Profit0.05_Stop0.01,0.013830786686130922,-0.0029259632371782013
MA_20_150_Profit0.05_Stop0.02,0.03149725408650521,-0.005967633506159685
MA_20_150_Profit0.05_Stop0.03,0.03149725408650521,-0.005967633506159685
MA_20_150_Profit0.05_Stop0.05,0.03149725408650521,-0.005967633506159685
MA_20_150_Profit0.10_Stop0.01,0.013830786686130922,-0.0029259632371782013
MA_20_150_Profit0.10_Stop0.02,0.03149725408650521,-0.005967633506159685
MA_20_150_Profit0.10_Stop0.03,0.03149725408650521,-0.005967633506159685
MA_20_150_Profit0.10_Stop0.05,0.03149725408650521,-0.005967633506159685
MA_25_50_Profit0.01_Stop0.01,0.0077392549820853645,0.018989023088661256
MA_25_50_Profit0.01_Stop0.02,0.012422857125896646,0.005520196017539981
MA_25_50_Profit0.01_Stop0.03,0.012422857125896646,0.007341540141499318
MA_25_50_Profit0.01_Stop0.05,0.012422857125896646,0.007341540141499318
MA_25_50_Profit0.02_Stop0.01,0.01110226213793823,-0.01370945403923049
MA_25_50_Profit0.02_Stop0.02,0.014755826787015258,-0.02432519519821068
MA_25_50_Profit0.02_Stop0.03,0.014755826787015258,-0.022791172810382256
MA_25_50_Profit0.02_Stop0.05,0.014755826787015258,-0.022791172810382256
MA_25_50_Profit0.03_Stop0.01,-0.011527800663800426,-0.009711260710437326
MA_25_50_Profit0.03_Stop0.02,-0.0073439307091311,-0.020327001869417514
MA_25_50_Profit0.03_Stop0.03,-0.0073439307091311,-0.01879297948158909
MA_25_50_Profit0.03_Stop0.05,-0.0073439307091311,-0.01879297948158909
MA_25_50_Profit0.05_Stop0.01,-0.011527800663800426,-0.017616539993381194
MA_25_50_Profit0.05_Stop0.02,-0.0073439307091311,-0.028232281152361382
MA_25_50_Profit0.05_Stop0.03,-0.0073439307091311,-0.02669825876453296
MA_25_50_Profit0.05_Stop0.05,-0.0073439307091311,-0.02669825876453296
MA_25_50_Profit0.10_Stop0.01,-0.011527800663800426,-0.017616539993381194
MA_25_50_Profit0.10_Stop0.02,-0.0073439307091311,-0.028232281152361382
MA_25_50_Profit0.10_Stop0.03,-0.0073439307091311,-0.02669825876453296
MA_25_50_Profit0.10_Stop0.05,-0.0073439307091311,-0.02669825876453296
MA_25_75_Profit0.01_Stop0.01,0.03637283527556271,-0.05733727629206263
MA_25_75_Profit0.01_Stop0.02,0.056396266846013655,-0.054645626330593
MA_25_75_Profit0.01_Stop0.03,0.056396266846013655,-0.05041608430443233
MA_25_75_Profit0.01_Stop0.05,0.056396266846013655,-0.05041608430443233
MA_25_75_Profit0.02_Stop0.01,0.006066649828172341,-0.05894211457077754
MA_25_75_Profit0.02_Stop0.02,0.026269843329051315,-0.0533201776374862
MA_25_75_Profit0.02_Stop0.03,0.026269843329051315,-0.04911074797710458
MA_25_75_Profit0.02_Stop0.05,0.026269843329051315,-0.04911074797710458
MA_25_75_Profit0.03_Stop0.01,-0.00035632938787094983,-0.05894211457077754
MA_25_75_Profit0.03_Stop0.02,0.019846864113008025,-0.05279313410801224
MA_25_75_Profit0.03_Stop0.03,0.019846864113008025,-0.04858370444763061
MA_25_75_Profit0.03_Stop0.05,0.019846864113008025,-0.04858370444763061
MA_25_75_Profit0.05_Stop0.01,-0.00035632938787094983,-0.05894211457077754
MA_25_75_Profit0.05_Stop0.02,0.019846864113008025,-0.05279313410801224
MA_25_75_Profit0.05_Stop0.03,0.019846864113008025,-0.04858370444763061
MA_25_75_Profit0.05_Stop0.05,0.019846864113008025,-0.04858370444763061
MA_25_75_Profit0.10_Stop0.01,-0.00035632938787094983,-0.05894211457077754
MA_25_75_Profit0.10_Stop0.02,0.019846864113008025,-0.05279313410801224
MA_25_75_Profit0.10_Stop0.03,0.019846864113008025,-0.04858370444763061
MA_25_75_Profit0.10_Stop0.05,0.019846864113008025,-0.04858370444763061
MA_25_100_Profit0.01_Stop0.01,0.02037936513330588,-0.04756396422067835
MA_25_100_Profit0.01_Stop0.02,0.02974895703026605,-0.02664690322569331
MA_25_100_Profit0.01_Stop0.03,0.02974895703026605,-0.02664690322569331
MA_25_100_Profit0.01_Stop0.05,0.02974895703026605,-0.02664690322569331
MA_25_100_Profit0.02_Stop0.01,-0.008902925555910806,-0.036547241918484685
MA_25_100_Profit0.02_Stop0.02,-0.00271840225523864,-0.016822204720835805
MA_25_100_Profit0.02_Stop0.03,-0.00271840225523864,-0.016822204720835805
MA_25_100_Profit0.02_Stop0.05,-0.00271840225523864,-0.016822204720835805
MA_25_100_Profit0.03_Stop0.01,-0.008902925555910806,-0.03996006936322069
MA_25_100_Profit0.03_Stop0.02,-0.00271840225523864,-0.019903773074624338
MA_25_100_Profit0.03_Stop0.03,-0.00271840225523864,-0.019903773074624338
MA_25_100_Profit0.03_Stop0.05,-0.00271840225523864,-0.019903773074624338
MA_25_100_Profit0.05_Stop0.01,-0.008902925555910806,-0.04049783978712279
MA_25_100_Profit0.05_Stop0.02,-0.00271840225523864,-0.020359438652632456
MA_25_100_Profit0.05_Stop0.03,-0.00271840225523864,-0.020359438652632456
MA_25_100_Profit0.05_Stop0.05,-0.00271840225523864,-0.020359438652632456
MA_25_100_Profit0.10_Stop0.01,-0.008902925555910806,-0.04049783978712279
MA_25_100_Profit0.10_Stop0.02,-0.00271840225523864,-0.020359438652632456
MA_25_100_Profit0.10_Stop0.03,-0.00271840225523864,-0.020359438652632456
MA_25_100_Profit0.10_Stop0.05,-0.00271840225523864,-0.020359438652632456
MA_25_150_Profit0.01_Stop0.01,-0.005277900048492148,0.0026835915678327734
MA_25_150_Profit0.01_Stop0.02,-0.0029080161467296625,-0.0009023287016157072
MA_25_150_Profit0.01_Stop0.03,-0.0029080161467296625,-0.0009023287016157072
MA_25_150_Profit0.01_Stop0.05,-0.0029080161467296625,-0.0009023287016157072
MA_25_150_Profit0.02_Stop0.01,-0.02686020419747543,0.018044186897750555
MA_25_150_Profit0.02_Stop0.02,-0.023850394892772738,0.014458266628302074
MA_25_150_Profit0.02_Stop0.03,-0.023850394892772738,0.014458266628302074
MA_25_150_Profit0.02_Stop0.05,-0.023850394892772738,0.014458266628302074
MA_25_150_Profit0.03_Stop0.01,-0.02686020419747543,0.0028985387769917682
MA_25_150_Profit0.03_Stop0.02,-0.023850394892772738,-0.0006873814924567087
MA_25_150_Profit0.03_Stop0.03,-0.023850394892772738,-0.0006873814924567087
MA_25_150_Profit0.03_Stop0.05,-0.023850394892772738,-0.0006873814924567087
MA_25_150_Profit0.05_Stop0.01,-0.02686020419747543,0.0028985387769917682
MA_25_150_Profit0.05_Stop0.02,-0.023850394892772738,-0.0006873814924567087
MA_25_150_Profit0.05_Stop0.03,-0.023850394892772738,-0.0006873814924567087
MA_25_150_Profit0.05_Stop0.05,-0.023850394892772738,-0.0006873814924567087
MA_25_150_Profit0.10_Stop0.01,-0.02686020419747543,0.0028985387769917682
MA_25_150_Profit0.10_Stop0.02,-0.023850394892772738,-0.0006873814924567087
MA_25_150_Profit0.10_Stop0.03,-0.023850394892772738,-0.0006873814924567087
MA_25_150_Profit0.10_Stop0.05,-0.023850394892772738,-0.0006873814924567087
MA_30_50_Profit0.01_Stop0.01,0.013840595772544317,-0.040361252413982765
MA_30_50_Profit0.01_Stop0.02,0.022207999755347808,-0.045075876751866195
MA_30_50_Profit0.01_Stop0.03,0.022207999755347808,-0.05028214501867821
MA_30_50_Profit0.01_Stop0.05,0.022207999755347808,-0.05028214501867821
MA_30_50_Profit0.02_Stop0.01,-0.008756229424551622,-0.04878167201559626
MA_30_50_Profit0.02_Stop0.02,-0.00039843993935216403,-0.05267163688895559
MA_30_50_Profit0.02_Stop0.03,-0.00039843993935216403,-0.05766725959521348
MA_30_50_Profit0.02_Stop0.05,-0.00039843993935216403,-0.05766725959521348
MA_30_50_Profit0.03_Stop0.01,-0.007979124518667013,-0.04878167201559626
MA_30_50_Profit0.03_Stop0.02,0.0003786649665324464,-0.05267163688895559
MA_30_50_Profit0.03_Stop0.03,0.0003786649665324464,-0.05766725959521348
MA_30_50_Profit0.03_Stop0.05,0.0003786649665324464,-0.05766725959521348
MA_30_50_Profit0.05_Stop0.01,-0.007051162792231157,-0.04878167201559626
MA_30_50_Profit0.05_Stop0.02,0.0013066266929683014,-0.05267163688895559
MA_30_50_Profit0.05_Stop0.03,0.0013066266929683014,-0.05766725959521348
MA_30_50_Profit0.05_Stop0.05,0.0013066266929683014,-0.05766725959521348
MA_30_50_Profit0.10_Stop0.01,-0.007051162792231157,-0.04878167201559626
MA_30_50_Profit0.10_Stop0.02,0.0013066266929683014,-0.05267163688895559
MA_30_50_Profit0.10_Stop0.03,0.0013066266929683014,-0.05766725959521348
MA_30_50_Profit0.10_Stop0.05,0.0013066266929683014,-0.05766725959521348
MA_30_75_Profit0.01_Stop0.01,0.09233734137071042,-0.07819945611903847
MA_30_75_Profit0.01_Stop0.02,0.09233734137071042,-0.08116438926259484
MA_30_75_Profit0.01_Stop0.03,0.09233734137071042,-0.06073022252275798
MA_30_75_Profit0.01_Stop0.05,0.09233734137071042,-0.05885536193948674
MA_30_75_Profit0.02_Stop0.01,0.014094629501038002,-0.07522403074948819
MA_30_75_Profit0.02_Stop0.02,0.008772802471858163,-0.07670959878379113
MA_30_75_Profit0.02_Stop0.03,0.006515090390928734,-0.05658193063715954
MA_30_75_Profit0.02_Stop0.05,0.006515090390928734,-0.054719323238534304
MA_30_75_Profit0.03_Stop0.01,0.014050263691270522,-0.07522403074948819
MA_30_75_Profit0.03_Stop0.02,0.008728436662090682,-0.07731611721239293
MA_30_75_Profit0.03_Stop0.03,0.0064707245811612525,-0.05718844906576134
MA_30_75_Profit0.03_Stop0.05,0.0064707245811612525,-0.0553258416671361
MA_30_75_Profit0.05_Stop0.01,0.014050263691270522,-0.07522403074948819
MA_30_75_Profit0.05_Stop0.02,0.008728436662090682,-0.07731611721239293
MA_30_75_Profit0.05_Stop0.03,0.0064707245811612525,-0.05718844906576134
MA_30_75_Profit0.05_Stop0.05,0.0064707245811612525,-0.0553258416671361
MA_30_75_Profit0.10_Stop0.01,0.014050263691270522,-0.07522403074948819
MA_30_75_Profit0.10_Stop0.02,0.008728436662090682,-0.07731611721239293
MA_30_75_Profit0.10_Stop0.03,0.0064707245811612525,-0.05718844906576134
MA_30_75_Profit0.10_Stop0.05,0.0064707245811612525,-0.0553258416671361
MA_30_100_Profit0.01_Stop0.01,-0.008611998038839793,-0.02440215474237571
MA_30_100_Profit0.01_Stop0.02,-0.005959070855464689,-0.01376545333766665
MA_30_100_Profit0.01_Stop0.03,-0.004605685928567203,-0.007490918904924739
MA_30_100_Profit0.01_Stop0.05,-0.004605685928567203,-0.007490918904924739
MA_30_100_Profit0.02_Stop0.01,-0.017106261957980942,-0.018371547952082835
MA_30_100_Profit0.02_Stop0.02,-0.01445333477460584,-0.007620167114675494
MA_30_100_Profit0.02_Stop0.03,-0.013099949847708355,-0.0014939414564242304
MA_30_100_Profit0.02_Stop0.05,-0.013099949847708355,-0.0014939414564242304
MA_30_100_Profit0.03_Stop0.01,-0.017106261957980942,-0.016710189492908974
MA_30_100_Profit0.03_Stop0.02,-0.01445333477460584,-0.0059393554446916675
MA_30_100_Profit0.03_Stop0.03,-0.013099949847708355,0.0001494802041572596
MA_30_100_Profit0.03_Stop0.05,-0.013099949847708355,0.0001494802041572596
MA_30_100_Profit0.05_Stop0.01,-0.017106261957980942,-0.015927561719065442
MA_30_100_Profit0.05_Stop0.02,-0.01445333477460584,-0.004979029396835379
MA_30_100_Profit0.05_Stop0.03,-0.013099949847708355,0.001047847961659949
MA_30_100_Profit0.05_Stop0.05,-0.013099949847708355,0.001047847961659949
MA_30_100_Profit0.10_Stop0.01,-0.017106261957980942,-0.015927561719065442
MA_30_100_Profit0.10_Stop0.02,-0.01445333477460584,-0.004979029396835379
MA_30_100_Profit0.10_Stop0.03,-0.013099949847708355,0.001047847961659949
MA_30_100_Profit0.10_Stop0.05,-0.013099949847708355,0.001047847961659949
MA_30_150_Profit0.01_Stop0.01,0.022897090445796846,0.016807450987286834
MA_30_150_Profit0.01_Stop0.02,0.008746235706415001,0.014222239103721614
MA_30_150_Profit0.01_Stop0.03,0.007614761757021377,0.014222239103721614
MA_30_150_Profit0.01_Stop0.05,0.007614761757021377,0.014222239103721614
MA_30_150_Profit0.02_Stop0.01,-0.03408858626358863,0.028045126610407044
MA_30_150_Profit0.02_Stop0.02,-0.05637351146811957,0.025459914726841826
MA_30_150_Profit0.02_Stop0.03,-0.06103957070061586,0.025459914726841826
MA_30_150_Profit0.02_Stop0.05,-0.06103957070061586,0.025459914726841826
MA_30_150_Profit0.03_Stop0.01,-0.03408858626358863,0.020583013057246333
MA_30_150_Profit0.03_Stop0.02,-0.05637351146811957,0.017997801173681115
MA_30_150_Profit0.03_Stop0.03,-0.06103957070061586,0.017997801173681115
MA_30_150_Profit0.03_Stop0.05,-0.06103957070061586,0.017997801173681115
MA_30_150_Profit0.05_Stop0.01,-0.03408858626358863,0.020583013057246333
MA_30_150_Profit0.05_Stop0.02,-0.05637351146811957,0.017997801173681115
MA_30_150_Profit0.05_Stop0.03,-0.06103957070061586,0.017997801173681115
MA_30_150_Profit0.05_Stop0.05,-0.06103957070061586,0.017997801173681115
MA_30_150_Profit0.10_Stop0.01,-0.03408858626358863,0.020583013057246333
MA_30_150_Profit0.10_Stop0.02,-0.05637351146811957,0.017997801173681115
MA_30_150_Profit0.10_Stop0.03,-0.06103957070061586,0.017997801173681115
MA_30_150_Profit0.10_Stop0.05,-0.06103957070061586,0.017997801173681115
Momentum_0.010_Hold5,-0.0326262799649362,-0.0027341187733252556
Momentum_0.010_Hold10,-0.02525244316433894,-0.009539223584671687
Momentum_0.010_Hold15,0.00422152571332198,-0.03185675533374497
Momentum_0.010_Hold20,-0.008039509761181928,-0.03557249673780034
Momentum_0.020_Hold5,-0.09488896982582609,
Momentum_0.020_Hold10,-0.030562137234129566,
Momentum_0.020_Hold15,-0.05290300704917466,
Momentum_0.020_Hold20,-0.03823410606579264,
Momentum_0.030_Hold5,,
Momentum_0.030_Hold10,,
Momentum_0.030_Hold15,,
Momentum_0.030_Hold20,,
Momentum_0.050_Hold5,,
Momentum_0.050_Hold10,,
Momentum_0.050_Hold15,,
Momentum_0.050_Hold20,,
RSI_25_Profit0.01_Stop0.01,-0.0036156888914021163,-0.013126948487760519
RSI_25_Profit0.01_Stop0.02,0.001127346417039575,-0.0003909296916104898
RSI_25_Profit0.01_Stop0.03,0.00890852508332803,0.00239649691719612
RSI_25_Profit0.01_Stop0.05,0.01459651040488058,0.004332024764696026
